[0.000000] (-) TimerEvent: {}
[0.000137] (micro_ros_raspberrypicosdk) JobQueued: {'identifier': 'micro_ros_raspberrypicosdk', 'dependencies': OrderedDict()}
[0.000169] (micro_ros_raspberrypicosdk) JobStarted: {'identifier': 'micro_ros_raspberrypicosdk'}
[0.012990] (micro_ros_raspberrypicosdk) JobProgress: {'identifier': 'micro_ros_raspberrypicosdk', 'progress': 'cmake'}
[0.014025] (micro_ros_raspberrypicosdk) Command: {'cmd': ['/home/ryanjeronimus/.pico-sdk/cmake/v3.31.5/bin/cmake', '/home/ryanjeronimus/github/pico_comms', '-DCATKIN_INSTALL_INTO_PREFIX_ROOT=0', '-DCMAKE_INSTALL_PREFIX=/home/ryanjeronimus/github/pico_comms/install/micro_ros_raspberrypicosdk'], 'cwd': '/home/ryanjeronimus/github/pico_comms/build/micro_ros_raspberrypicosdk', 'env': OrderedDict({'PYTHON_BASIC_REPL': '1', 'LESSOPEN': '| /usr/bin/lesspipe %s', 'GZ_SIM_RESOURCE_PATH': '/opt/ros/jazzy/share', 'USER': 'ryanjeronimus', 'GZ_CONFIG_PATH': '/opt/ros/jazzy/opt/gz_sim_vendor/share/gz:/opt/ros/jazzy/opt/sdformat_vendor/share/gz:/opt/ros/jazzy/opt/gz_gui_vendor/share/gz:/opt/ros/jazzy/opt/gz_transport_vendor/share/gz:/opt/ros/jazzy/opt/gz_rendering_vendor/share/gz:/opt/ros/jazzy/opt/gz_plugin_vendor/share/gz:/opt/ros/jazzy/opt/gz_fuel_tools_vendor/share/gz:/opt/ros/jazzy/opt/gz_msgs_vendor/share/gz:/opt/ros/jazzy/opt/gz_common_vendor/share/gz', 'XDG_SESSION_TYPE': 'wayland', 'GIT_ASKPASS': '/usr/share/code/resources/app/extensions/git/dist/askpass.sh', 'SHLVL': '2', 'LD_LIBRARY_PATH': '/opt/ros/jazzy/opt/gz_sim_vendor/lib:/opt/ros/jazzy/opt/gz_sensors_vendor/lib:/opt/ros/jazzy/opt/gz_physics_vendor/lib:/opt/ros/jazzy/opt/sdformat_vendor/lib:/opt/ros/jazzy/opt/rviz_ogre_vendor/lib:/opt/ros/jazzy/lib/x86_64-linux-gnu:/opt/ros/jazzy/opt/gz_gui_vendor/lib:/opt/ros/jazzy/opt/gz_transport_vendor/lib:/opt/ros/jazzy/opt/gz_rendering_vendor/lib:/opt/ros/jazzy/opt/gz_plugin_vendor/lib:/opt/ros/jazzy/opt/gz_fuel_tools_vendor/lib:/opt/ros/jazzy/opt/gz_msgs_vendor/lib:/opt/ros/jazzy/opt/gz_common_vendor/lib:/opt/ros/jazzy/opt/gz_math_vendor/lib:/opt/ros/jazzy/opt/gz_utils_vendor/lib:/opt/ros/jazzy/opt/gz_tools_vendor/lib:/opt/ros/jazzy/opt/gz_ogre_next_vendor/lib:/opt/ros/jazzy/opt/gz_dartsim_vendor/lib:/opt/ros/jazzy/opt/gz_cmake_vendor/lib:/opt/ros/jazzy/lib', 'HOME': '/home/ryanjeronimus', 'CHROME_DESKTOP': 'code.desktop', 'OLDPWD': '/home/ryanjeronimus', 'TERM_PROGRAM_VERSION': '1.107.0', 'DESKTOP_SESSION': 'ubuntu', 'ROS_PYTHON_VERSION': '3', 'GNOME_SHELL_SESSION_MODE': 'ubuntu', 'GTK_MODULES': 'gail:atk-bridge', 'VSCODE_GIT_ASKPASS_MAIN': '/usr/share/code/resources/app/extensions/git/dist/askpass-main.js', 'VSCODE_GIT_ASKPASS_NODE': '/usr/share/code/code', 'SYSTEMD_EXEC_PID': '3815', 'VSCODE_PYTHON_AUTOACTIVATE_GUARD': '1', 'GSM_SKIP_SSH_AGENT_WORKAROUND': 'true', 'DBUS_SESSION_BUS_ADDRESS': 'unix:path=/run/user/1000/bus', 'COLORTERM': 'truecolor', 'GNOME_KEYRING_CONTROL': '/run/user/1000/keyring', 'DEBUGINFOD_URLS': 'https://debuginfod.ubuntu.com', 'PICO_TOOLCHAIN_PATH': '/home/ryanjeronimus/.pico-sdk/toolchain/14_2_Rel1', 'IM_CONFIG_PHASE': '1', 'WAYLAND_DISPLAY': 'wayland-0', 'ROS_DISTRO': 'jazzy', 'LOGNAME': 'ryanjeronimus', '_': '/usr/bin/colcon', 'ROS_VERSION': '2', 'MEMORY_PRESSURE_WATCH': '/sys/fs/cgroup/user.slice/user-1000.slice/user@1000.service/session.slice/org.gnome.SettingsDaemon.MediaKeys.service/memory.pressure', 'XDG_SESSION_CLASS': 'user', 'USERNAME': 'ryanjeronimus', 'TERM': 'xterm-256color', 'GNOME_DESKTOP_SESSION_ID': 'this-is-deprecated', 'FC_FONTATIONS': '1', 'PATH': '/home/ryanjeronimus/.pico-sdk/toolchain/14_2_Rel1/bin:/home/ryanjeronimus/.pico-sdk/picotool/2.2.0-a4/picotool:/home/ryanjeronimus/.pico-sdk/cmake/v3.31.5/bin:/home/ryanjeronimus/.pico-sdk/ninja/v1.12.1:/opt/ros/jazzy/opt/gz_msgs_vendor/bin:/opt/ros/jazzy/opt/gz_tools_vendor/bin:/opt/ros/jazzy/opt/gz_ogre_next_vendor/bin:/opt/ros/jazzy/bin:/usr/local/sbin:/usr/local/bin:/usr/sbin:/usr/bin:/sbin:/bin:/usr/games:/usr/local/games:/snap/bin:/snap/bin', 'SESSION_MANAGER': 'local/benson:@/tmp/.ICE-unix/3578,unix/benson:/tmp/.ICE-unix/3578', 'XDG_MENU_PREFIX': 'gnome-', 'GNOME_TERMINAL_SCREEN': '/org/gnome/Terminal/screen/efae4063_ed84_4724_a431_315111983be0', 'GNOME_SETUP_DISPLAY': ':1', 'XDG_RUNTIME_DIR': '/run/user/1000', 'GDK_BACKEND': 'wayland', 'DISPLAY': ':0', 'LANG': 'en_US.UTF-8', 'XDG_CURRENT_DESKTOP': 'ubuntu:GNOME', 'PYTHONSTARTUP': '/home/ryanjeronimus/.config/Code/User/workspaceStorage/9a78ba7ea5665548723134621e3fefd0/ms-python.python/pythonrc.py', 'XMODIFIERS': '@im=ibus', 'XDG_SESSION_DESKTOP': 'ubuntu', 'XAUTHORITY': '/run/user/1000/.mutter-Xwaylandauth.969PL3', 'LS_COLORS': 'rs=0:di=01;34:ln=01;36:mh=00:pi=40;33:so=01;35:do=01;35:bd=40;33;01:cd=40;33;01:or=40;31;01:mi=00:su=37;41:sg=30;43:ca=00:tw=30;42:ow=34;42:st=37;44:ex=01;32:*.tar=01;31:*.tgz=01;31:*.arc=01;31:*.arj=01;31:*.taz=01;31:*.lha=01;31:*.lz4=01;31:*.lzh=01;31:*.lzma=01;31:*.tlz=01;31:*.txz=01;31:*.tzo=01;31:*.t7z=01;31:*.zip=01;31:*.z=01;31:*.dz=01;31:*.gz=01;31:*.lrz=01;31:*.lz=01;31:*.lzo=01;31:*.xz=01;31:*.zst=01;31:*.tzst=01;31:*.bz2=01;31:*.bz=01;31:*.tbz=01;31:*.tbz2=01;31:*.tz=01;31:*.deb=01;31:*.rpm=01;31:*.jar=01;31:*.war=01;31:*.ear=01;31:*.sar=01;31:*.rar=01;31:*.alz=01;31:*.ace=01;31:*.zoo=01;31:*.cpio=01;31:*.7z=01;31:*.rz=01;31:*.cab=01;31:*.wim=01;31:*.swm=01;31:*.dwm=01;31:*.esd=01;31:*.avif=01;35:*.jpg=01;35:*.jpeg=01;35:*.mjpg=01;35:*.mjpeg=01;35:*.gif=01;35:*.bmp=01;35:*.pbm=01;35:*.pgm=01;35:*.ppm=01;35:*.tga=01;35:*.xbm=01;35:*.xpm=01;35:*.tif=01;35:*.tiff=01;35:*.png=01;35:*.svg=01;35:*.svgz=01;35:*.mng=01;35:*.pcx=01;35:*.mov=01;35:*.mpg=01;35:*.mpeg=01;35:*.m2v=01;35:*.mkv=01;35:*.webm=01;35:*.webp=01;35:*.ogm=01;35:*.mp4=01;35:*.m4v=01;35:*.mp4v=01;35:*.vob=01;35:*.qt=01;35:*.nuv=01;35:*.wmv=01;35:*.asf=01;35:*.rm=01;35:*.rmvb=01;35:*.flc=01;35:*.avi=01;35:*.fli=01;35:*.flv=01;35:*.gl=01;35:*.dl=01;35:*.xcf=01;35:*.xwd=01;35:*.yuv=01;35:*.cgm=01;35:*.emf=01;35:*.ogv=01;35:*.ogx=01;35:*.aac=00;36:*.au=00;36:*.flac=00;36:*.m4a=00;36:*.mid=00;36:*.midi=00;36:*.mka=00;36:*.mp3=00;36:*.mpc=00;36:*.ogg=00;36:*.ra=00;36:*.wav=00;36:*.oga=00;36:*.opus=00;36:*.spx=00;36:*.xspf=00;36:*~=00;90:*#=00;90:*.bak=00;90:*.crdownload=00;90:*.dpkg-dist=00;90:*.dpkg-new=00;90:*.dpkg-old=00;90:*.dpkg-tmp=00;90:*.old=00;90:*.orig=00;90:*.part=00;90:*.rej=00;90:*.rpmnew=00;90:*.rpmorig=00;90:*.rpmsave=00;90:*.swp=00;90:*.tmp=00;90:*.ucf-dist=00;90:*.ucf-new=00;90:*.ucf-old=00;90:', 'VSCODE_GIT_IPC_HANDLE': '/run/user/1000/vscode-git-9705e302b8.sock', 'GNOME_TERMINAL_SERVICE': ':1.101', 'TERM_PROGRAM': 'vscode', 'SSH_AUTH_SOCK': '/run/user/1000/keyring/ssh', 'AMENT_PREFIX_PATH': '/opt/ros/jazzy', 'SHELL': '/bin/bash', 'QT_ACCESSIBILITY': '1', 'GDMSESSION': 'ubuntu', 'LESSCLOSE': '/usr/bin/lesspipe %s %s', 'ROS_AUTOMATIC_DISCOVERY_RANGE': 'SUBNET', 'VSCODE_GIT_ASKPASS_EXTRA_ARGS': '', 'QT_IM_MODULE': 'ibus', 'PWD': '/home/ryanjeronimus/github/pico_comms/build/micro_ros_raspberrypicosdk', 'LC_ALL': 'en_US.UTF-8', 'XDG_CONFIG_DIRS': '/etc/xdg/xdg-ubuntu:/etc/xdg', 'PICO_SDK_PATH': '/home/ryanjeronimus/.pico-sdk/sdk/2.2.0', 'XDG_DATA_DIRS': '/usr/share/ubuntu:/usr/share/gnome:/usr/local/share/:/usr/share/:/var/lib/snapd/desktop', 'PYTHONPATH': '/opt/ros/jazzy/lib/python3.12/site-packages', 'COLCON': '1', 'MEMORY_PRESSURE_WRITE': 'c29tZSAyMDAwMDAgMjAwMDAwMAA=', 'VTE_VERSION': '7600', 'CMAKE_PREFIX_PATH': '/opt/ros/jazzy/opt/gz_sim_vendor:/opt/ros/jazzy/opt/gz_sensors_vendor:/opt/ros/jazzy/opt/gz_physics_vendor:/opt/ros/jazzy/opt/sdformat_vendor:/opt/ros/jazzy/opt/gz_gui_vendor:/opt/ros/jazzy/opt/gz_transport_vendor:/opt/ros/jazzy/opt/gz_rendering_vendor:/opt/ros/jazzy/opt/gz_plugin_vendor:/opt/ros/jazzy/opt/gz_fuel_tools_vendor:/opt/ros/jazzy/opt/gz_msgs_vendor:/opt/ros/jazzy/opt/gz_common_vendor:/opt/ros/jazzy/opt/gz_math_vendor:/opt/ros/jazzy/opt/gz_utils_vendor:/opt/ros/jazzy/opt/gz_tools_vendor:/opt/ros/jazzy/opt/gz_ogre_next_vendor:/opt/ros/jazzy/opt/gz_dartsim_vendor:/opt/ros/jazzy/opt/gz_cmake_vendor'}), 'shell': False}
[0.020746] (micro_ros_raspberrypicosdk) StderrLine: {'line': b'\x1b[0mUsing master as default value for PICO_SDK_FETCH_FROM_GIT_TAG\x1b[0m\n'}
[0.021168] (micro_ros_raspberrypicosdk) StderrLine: {'line': b'\x1b[0mPICO_SDK_PATH is /home/ryanjeronimus/.pico-sdk/sdk/2.2.0\x1b[0m\n'}
[0.021449] (micro_ros_raspberrypicosdk) StderrLine: {'line': b"\x1b[0mTarget board (PICO_BOARD) is 'pico2'.\x1b[0m\n"}
[0.021681] (micro_ros_raspberrypicosdk) StderrLine: {'line': b'\x1b[0mUsing board configuration from /home/ryanjeronimus/.pico-sdk/sdk/2.2.0/src/boards/include/boards/pico2.h\x1b[0m\n'}
[0.024774] (micro_ros_raspberrypicosdk) StderrLine: {'line': b"\x1b[0mAuto-converting non-specific PICO_PLATFORM='rp2350' to 'rp2350-arm-s'\x1b[0m\n"}
[0.024972] (micro_ros_raspberrypicosdk) StderrLine: {'line': b"\x1b[0mDefaulting platform (PICO_PLATFORM) to 'rp2350-arm-s' based on PICO_BOARD setting.\x1b[0m\n"}
[0.025302] (micro_ros_raspberrypicosdk) StdoutLine: {'line': b"-- Defaulting build type to 'Release' since not specified.\n"}
[0.025620] (micro_ros_raspberrypicosdk) StderrLine: {'line': b"\x1b[0mDefaulting compiler (PICO_COMPILER) to 'pico_arm_cortex_m33_gcc' since not specified.\x1b[0m\n"}
[0.025772] (micro_ros_raspberrypicosdk) StderrLine: {'line': b"\x1b[0mConfiguring toolchain based on PICO_COMPILER 'pico_arm_cortex_m33_gcc'\x1b[0m\n"}
[0.031131] (micro_ros_raspberrypicosdk) StderrLine: {'line': b"\x1b[0mDefaulting PICO_GCC_TRIPLE to 'arm-none-eabi'\x1b[0m\n"}
[0.099195] (-) TimerEvent: {}
[0.139701] (micro_ros_raspberrypicosdk) StdoutLine: {'line': b'-- The C compiler identification is GNU 14.2.1\n'}
[0.199346] (-) TimerEvent: {}
[0.246005] (micro_ros_raspberrypicosdk) StdoutLine: {'line': b'-- The CXX compiler identification is GNU 14.2.1\n'}
[0.261670] (micro_ros_raspberrypicosdk) StdoutLine: {'line': b'-- The ASM compiler identification is GNU\n'}
[0.263471] (micro_ros_raspberrypicosdk) StdoutLine: {'line': b'-- Found assembler: /home/ryanjeronimus/.pico-sdk/toolchain/14_2_Rel1/bin/arm-none-eabi-gcc\n'}
[0.269706] (micro_ros_raspberrypicosdk) StdoutLine: {'line': b'-- Detecting C compiler ABI info\n'}
[0.299431] (-) TimerEvent: {}
[0.332244] (micro_ros_raspberrypicosdk) StdoutLine: {'line': b'-- Detecting C compiler ABI info - done\n'}
[0.346430] (micro_ros_raspberrypicosdk) StdoutLine: {'line': b'-- Check for working C compiler: /home/ryanjeronimus/.pico-sdk/toolchain/14_2_Rel1/bin/arm-none-eabi-gcc - skipped\n'}
[0.346980] (micro_ros_raspberrypicosdk) StdoutLine: {'line': b'-- Detecting C compile features\n'}
[0.347467] (micro_ros_raspberrypicosdk) StdoutLine: {'line': b'-- Detecting C compile features - done\n'}
[0.352210] (micro_ros_raspberrypicosdk) StdoutLine: {'line': b'-- Detecting CXX compiler ABI info\n'}
[0.399555] (-) TimerEvent: {}
[0.415481] (micro_ros_raspberrypicosdk) StdoutLine: {'line': b'-- Detecting CXX compiler ABI info - done\n'}
[0.432308] (micro_ros_raspberrypicosdk) StdoutLine: {'line': b'-- Check for working CXX compiler: /home/ryanjeronimus/.pico-sdk/toolchain/14_2_Rel1/bin/arm-none-eabi-g++ - skipped\n'}
[0.432645] (micro_ros_raspberrypicosdk) StdoutLine: {'line': b'-- Detecting CXX compile features\n'}
[0.433276] (micro_ros_raspberrypicosdk) StdoutLine: {'line': b'-- Detecting CXX compile features - done\n'}
[0.437497] (micro_ros_raspberrypicosdk) StderrLine: {'line': b'\x1b[0mBuild type is Release\x1b[0m\n'}
[0.459283] (micro_ros_raspberrypicosdk) StderrLine: {'line': b'\x1b[0mUsing picotool from /home/ryanjeronimus/.pico-sdk/picotool/2.2.0-a4/picotool/picotool\x1b[0m\n'}
[0.499687] (-) TimerEvent: {}
[0.599972] (-) TimerEvent: {}
[0.643220] (micro_ros_raspberrypicosdk) StdoutLine: {'line': b'-- Found Python3: /usr/bin/python3.12 (found version "3.12.3") found components: Interpreter\n'}
[0.675632] (micro_ros_raspberrypicosdk) StderrLine: {'line': b'\x1b[0mTinyUSB available at /home/ryanjeronimus/.pico-sdk/sdk/2.2.0/lib/tinyusb/hw/bsp/rp2040; enabling build support for USB.\x1b[0m\n'}
[0.679205] (micro_ros_raspberrypicosdk) StderrLine: {'line': b'\x1b[0mBTstack available at /home/ryanjeronimus/.pico-sdk/sdk/2.2.0/lib/btstack\x1b[0m\n'}
[0.680516] (micro_ros_raspberrypicosdk) StderrLine: {'line': b'\x1b[0mcyw43-driver available at /home/ryanjeronimus/.pico-sdk/sdk/2.2.0/lib/cyw43-driver\x1b[0m\n'}
[0.682293] (micro_ros_raspberrypicosdk) StderrLine: {'line': b'\x1b[0mmbedtls available at /home/ryanjeronimus/.pico-sdk/sdk/2.2.0/lib/mbedtls\x1b[0m\n'}
[0.683264] (micro_ros_raspberrypicosdk) StderrLine: {'line': b'\x1b[0mlwIP available at /home/ryanjeronimus/.pico-sdk/sdk/2.2.0/lib/lwip\x1b[0m\n'}
[0.700073] (-) TimerEvent: {}
[0.716216] (micro_ros_raspberrypicosdk) StdoutLine: {'line': b'-- Configuring done (0.7s)\n'}
[0.800210] (-) TimerEvent: {}
[0.805988] (micro_ros_raspberrypicosdk) StdoutLine: {'line': b'-- Generating done (0.1s)\n'}
[0.806220] (micro_ros_raspberrypicosdk) StderrLine: {'line': b'\x1b[33mCMake Warning:\n'}
[0.806347] (micro_ros_raspberrypicosdk) StderrLine: {'line': b'  Manually-specified variables were not used by the project:\n'}
[0.806460] (micro_ros_raspberrypicosdk) StderrLine: {'line': b'\n'}
[0.806558] (micro_ros_raspberrypicosdk) StderrLine: {'line': b'    CATKIN_INSTALL_INTO_PREFIX_ROOT\n'}
[0.806656] (micro_ros_raspberrypicosdk) StderrLine: {'line': b'\n'}
[0.806748] (micro_ros_raspberrypicosdk) StderrLine: {'line': b'\x1b[0m\n'}
[0.826875] (micro_ros_raspberrypicosdk) StdoutLine: {'line': b'-- Build files have been written to: /home/ryanjeronimus/github/pico_comms/build/micro_ros_raspberrypicosdk\n'}
[0.846246] (micro_ros_raspberrypicosdk) CommandEnded: {'returncode': 0}
[0.846865] (micro_ros_raspberrypicosdk) JobProgress: {'identifier': 'micro_ros_raspberrypicosdk', 'progress': 'build'}
[0.847455] (micro_ros_raspberrypicosdk) Command: {'cmd': ['/home/ryanjeronimus/.pico-sdk/cmake/v3.31.5/bin/cmake', '--build', '/home/ryanjeronimus/github/pico_comms/build/micro_ros_raspberrypicosdk', '--', '-j16', '-l16'], 'cwd': '/home/ryanjeronimus/github/pico_comms/build/micro_ros_raspberrypicosdk', 'env': OrderedDict({'PYTHON_BASIC_REPL': '1', 'LESSOPEN': '| /usr/bin/lesspipe %s', 'GZ_SIM_RESOURCE_PATH': '/opt/ros/jazzy/share', 'USER': 'ryanjeronimus', 'GZ_CONFIG_PATH': '/opt/ros/jazzy/opt/gz_sim_vendor/share/gz:/opt/ros/jazzy/opt/sdformat_vendor/share/gz:/opt/ros/jazzy/opt/gz_gui_vendor/share/gz:/opt/ros/jazzy/opt/gz_transport_vendor/share/gz:/opt/ros/jazzy/opt/gz_rendering_vendor/share/gz:/opt/ros/jazzy/opt/gz_plugin_vendor/share/gz:/opt/ros/jazzy/opt/gz_fuel_tools_vendor/share/gz:/opt/ros/jazzy/opt/gz_msgs_vendor/share/gz:/opt/ros/jazzy/opt/gz_common_vendor/share/gz', 'XDG_SESSION_TYPE': 'wayland', 'GIT_ASKPASS': '/usr/share/code/resources/app/extensions/git/dist/askpass.sh', 'SHLVL': '2', 'LD_LIBRARY_PATH': '/opt/ros/jazzy/opt/gz_sim_vendor/lib:/opt/ros/jazzy/opt/gz_sensors_vendor/lib:/opt/ros/jazzy/opt/gz_physics_vendor/lib:/opt/ros/jazzy/opt/sdformat_vendor/lib:/opt/ros/jazzy/opt/rviz_ogre_vendor/lib:/opt/ros/jazzy/lib/x86_64-linux-gnu:/opt/ros/jazzy/opt/gz_gui_vendor/lib:/opt/ros/jazzy/opt/gz_transport_vendor/lib:/opt/ros/jazzy/opt/gz_rendering_vendor/lib:/opt/ros/jazzy/opt/gz_plugin_vendor/lib:/opt/ros/jazzy/opt/gz_fuel_tools_vendor/lib:/opt/ros/jazzy/opt/gz_msgs_vendor/lib:/opt/ros/jazzy/opt/gz_common_vendor/lib:/opt/ros/jazzy/opt/gz_math_vendor/lib:/opt/ros/jazzy/opt/gz_utils_vendor/lib:/opt/ros/jazzy/opt/gz_tools_vendor/lib:/opt/ros/jazzy/opt/gz_ogre_next_vendor/lib:/opt/ros/jazzy/opt/gz_dartsim_vendor/lib:/opt/ros/jazzy/opt/gz_cmake_vendor/lib:/opt/ros/jazzy/lib', 'HOME': '/home/ryanjeronimus', 'CHROME_DESKTOP': 'code.desktop', 'OLDPWD': '/home/ryanjeronimus', 'TERM_PROGRAM_VERSION': '1.107.0', 'DESKTOP_SESSION': 'ubuntu', 'ROS_PYTHON_VERSION': '3', 'GNOME_SHELL_SESSION_MODE': 'ubuntu', 'GTK_MODULES': 'gail:atk-bridge', 'VSCODE_GIT_ASKPASS_MAIN': '/usr/share/code/resources/app/extensions/git/dist/askpass-main.js', 'VSCODE_GIT_ASKPASS_NODE': '/usr/share/code/code', 'SYSTEMD_EXEC_PID': '3815', 'VSCODE_PYTHON_AUTOACTIVATE_GUARD': '1', 'GSM_SKIP_SSH_AGENT_WORKAROUND': 'true', 'DBUS_SESSION_BUS_ADDRESS': 'unix:path=/run/user/1000/bus', 'COLORTERM': 'truecolor', 'GNOME_KEYRING_CONTROL': '/run/user/1000/keyring', 'DEBUGINFOD_URLS': 'https://debuginfod.ubuntu.com', 'PICO_TOOLCHAIN_PATH': '/home/ryanjeronimus/.pico-sdk/toolchain/14_2_Rel1', 'IM_CONFIG_PHASE': '1', 'WAYLAND_DISPLAY': 'wayland-0', 'ROS_DISTRO': 'jazzy', 'LOGNAME': 'ryanjeronimus', '_': '/usr/bin/colcon', 'ROS_VERSION': '2', 'MEMORY_PRESSURE_WATCH': '/sys/fs/cgroup/user.slice/user-1000.slice/user@1000.service/session.slice/org.gnome.SettingsDaemon.MediaKeys.service/memory.pressure', 'XDG_SESSION_CLASS': 'user', 'USERNAME': 'ryanjeronimus', 'TERM': 'xterm-256color', 'GNOME_DESKTOP_SESSION_ID': 'this-is-deprecated', 'FC_FONTATIONS': '1', 'PATH': '/home/ryanjeronimus/.pico-sdk/toolchain/14_2_Rel1/bin:/home/ryanjeronimus/.pico-sdk/picotool/2.2.0-a4/picotool:/home/ryanjeronimus/.pico-sdk/cmake/v3.31.5/bin:/home/ryanjeronimus/.pico-sdk/ninja/v1.12.1:/opt/ros/jazzy/opt/gz_msgs_vendor/bin:/opt/ros/jazzy/opt/gz_tools_vendor/bin:/opt/ros/jazzy/opt/gz_ogre_next_vendor/bin:/opt/ros/jazzy/bin:/usr/local/sbin:/usr/local/bin:/usr/sbin:/usr/bin:/sbin:/bin:/usr/games:/usr/local/games:/snap/bin:/snap/bin', 'SESSION_MANAGER': 'local/benson:@/tmp/.ICE-unix/3578,unix/benson:/tmp/.ICE-unix/3578', 'XDG_MENU_PREFIX': 'gnome-', 'GNOME_TERMINAL_SCREEN': '/org/gnome/Terminal/screen/efae4063_ed84_4724_a431_315111983be0', 'GNOME_SETUP_DISPLAY': ':1', 'XDG_RUNTIME_DIR': '/run/user/1000', 'GDK_BACKEND': 'wayland', 'DISPLAY': ':0', 'LANG': 'en_US.UTF-8', 'XDG_CURRENT_DESKTOP': 'ubuntu:GNOME', 'PYTHONSTARTUP': '/home/ryanjeronimus/.config/Code/User/workspaceStorage/9a78ba7ea5665548723134621e3fefd0/ms-python.python/pythonrc.py', 'XMODIFIERS': '@im=ibus', 'XDG_SESSION_DESKTOP': 'ubuntu', 'XAUTHORITY': '/run/user/1000/.mutter-Xwaylandauth.969PL3', 'LS_COLORS': 'rs=0:di=01;34:ln=01;36:mh=00:pi=40;33:so=01;35:do=01;35:bd=40;33;01:cd=40;33;01:or=40;31;01:mi=00:su=37;41:sg=30;43:ca=00:tw=30;42:ow=34;42:st=37;44:ex=01;32:*.tar=01;31:*.tgz=01;31:*.arc=01;31:*.arj=01;31:*.taz=01;31:*.lha=01;31:*.lz4=01;31:*.lzh=01;31:*.lzma=01;31:*.tlz=01;31:*.txz=01;31:*.tzo=01;31:*.t7z=01;31:*.zip=01;31:*.z=01;31:*.dz=01;31:*.gz=01;31:*.lrz=01;31:*.lz=01;31:*.lzo=01;31:*.xz=01;31:*.zst=01;31:*.tzst=01;31:*.bz2=01;31:*.bz=01;31:*.tbz=01;31:*.tbz2=01;31:*.tz=01;31:*.deb=01;31:*.rpm=01;31:*.jar=01;31:*.war=01;31:*.ear=01;31:*.sar=01;31:*.rar=01;31:*.alz=01;31:*.ace=01;31:*.zoo=01;31:*.cpio=01;31:*.7z=01;31:*.rz=01;31:*.cab=01;31:*.wim=01;31:*.swm=01;31:*.dwm=01;31:*.esd=01;31:*.avif=01;35:*.jpg=01;35:*.jpeg=01;35:*.mjpg=01;35:*.mjpeg=01;35:*.gif=01;35:*.bmp=01;35:*.pbm=01;35:*.pgm=01;35:*.ppm=01;35:*.tga=01;35:*.xbm=01;35:*.xpm=01;35:*.tif=01;35:*.tiff=01;35:*.png=01;35:*.svg=01;35:*.svgz=01;35:*.mng=01;35:*.pcx=01;35:*.mov=01;35:*.mpg=01;35:*.mpeg=01;35:*.m2v=01;35:*.mkv=01;35:*.webm=01;35:*.webp=01;35:*.ogm=01;35:*.mp4=01;35:*.m4v=01;35:*.mp4v=01;35:*.vob=01;35:*.qt=01;35:*.nuv=01;35:*.wmv=01;35:*.asf=01;35:*.rm=01;35:*.rmvb=01;35:*.flc=01;35:*.avi=01;35:*.fli=01;35:*.flv=01;35:*.gl=01;35:*.dl=01;35:*.xcf=01;35:*.xwd=01;35:*.yuv=01;35:*.cgm=01;35:*.emf=01;35:*.ogv=01;35:*.ogx=01;35:*.aac=00;36:*.au=00;36:*.flac=00;36:*.m4a=00;36:*.mid=00;36:*.midi=00;36:*.mka=00;36:*.mp3=00;36:*.mpc=00;36:*.ogg=00;36:*.ra=00;36:*.wav=00;36:*.oga=00;36:*.opus=00;36:*.spx=00;36:*.xspf=00;36:*~=00;90:*#=00;90:*.bak=00;90:*.crdownload=00;90:*.dpkg-dist=00;90:*.dpkg-new=00;90:*.dpkg-old=00;90:*.dpkg-tmp=00;90:*.old=00;90:*.orig=00;90:*.part=00;90:*.rej=00;90:*.rpmnew=00;90:*.rpmorig=00;90:*.rpmsave=00;90:*.swp=00;90:*.tmp=00;90:*.ucf-dist=00;90:*.ucf-new=00;90:*.ucf-old=00;90:', 'VSCODE_GIT_IPC_HANDLE': '/run/user/1000/vscode-git-9705e302b8.sock', 'GNOME_TERMINAL_SERVICE': ':1.101', 'TERM_PROGRAM': 'vscode', 'SSH_AUTH_SOCK': '/run/user/1000/keyring/ssh', 'AMENT_PREFIX_PATH': '/opt/ros/jazzy', 'SHELL': '/bin/bash', 'QT_ACCESSIBILITY': '1', 'GDMSESSION': 'ubuntu', 'LESSCLOSE': '/usr/bin/lesspipe %s %s', 'ROS_AUTOMATIC_DISCOVERY_RANGE': 'SUBNET', 'VSCODE_GIT_ASKPASS_EXTRA_ARGS': '', 'QT_IM_MODULE': 'ibus', 'PWD': '/home/ryanjeronimus/github/pico_comms/build/micro_ros_raspberrypicosdk', 'LC_ALL': 'en_US.UTF-8', 'XDG_CONFIG_DIRS': '/etc/xdg/xdg-ubuntu:/etc/xdg', 'PICO_SDK_PATH': '/home/ryanjeronimus/.pico-sdk/sdk/2.2.0', 'XDG_DATA_DIRS': '/usr/share/ubuntu:/usr/share/gnome:/usr/local/share/:/usr/share/:/var/lib/snapd/desktop', 'PYTHONPATH': '/opt/ros/jazzy/lib/python3.12/site-packages', 'COLCON': '1', 'MEMORY_PRESSURE_WRITE': 'c29tZSAyMDAwMDAgMjAwMDAwMAA=', 'VTE_VERSION': '7600', 'CMAKE_PREFIX_PATH': '/opt/ros/jazzy/opt/gz_sim_vendor:/opt/ros/jazzy/opt/gz_sensors_vendor:/opt/ros/jazzy/opt/gz_physics_vendor:/opt/ros/jazzy/opt/sdformat_vendor:/opt/ros/jazzy/opt/gz_gui_vendor:/opt/ros/jazzy/opt/gz_transport_vendor:/opt/ros/jazzy/opt/gz_rendering_vendor:/opt/ros/jazzy/opt/gz_plugin_vendor:/opt/ros/jazzy/opt/gz_fuel_tools_vendor:/opt/ros/jazzy/opt/gz_msgs_vendor:/opt/ros/jazzy/opt/gz_common_vendor:/opt/ros/jazzy/opt/gz_math_vendor:/opt/ros/jazzy/opt/gz_utils_vendor:/opt/ros/jazzy/opt/gz_tools_vendor:/opt/ros/jazzy/opt/gz_ogre_next_vendor:/opt/ros/jazzy/opt/gz_dartsim_vendor:/opt/ros/jazzy/opt/gz_cmake_vendor'}), 'shell': False}
[0.875801] (micro_ros_raspberrypicosdk) StdoutLine: {'line': b'[  1%] \x1b[32mBuilding CXX object RadioLib/CMakeFiles/RadioLib.dir/src/Module.cpp.o\x1b[0m\n'}
[0.876114] (micro_ros_raspberrypicosdk) StdoutLine: {'line': b'[  1%] \x1b[32mBuilding ASM object pico-sdk/src/rp2350/boot_stage2/CMakeFiles/bs2_default.dir/compile_time_choice.S.o\x1b[0m\n'}
[0.876285] (micro_ros_raspberrypicosdk) StdoutLine: {'line': b'[  1%] \x1b[32mBuilding CXX object RadioLib/CMakeFiles/RadioLib.dir/src/modules/CC1101/CC1101.cpp.o\x1b[0m\n'}
[0.876404] (micro_ros_raspberrypicosdk) StdoutLine: {'line': b'[  2%] \x1b[32mBuilding CXX object RadioLib/CMakeFiles/RadioLib.dir/src/modules/LR11x0/LR1110.cpp.o\x1b[0m\n'}
[0.876504] (micro_ros_raspberrypicosdk) StdoutLine: {'line': b'[  2%] \x1b[32mBuilding CXX object RadioLib/CMakeFiles/RadioLib.dir/src/Hal.cpp.o\x1b[0m\n'}
[0.876621] (micro_ros_raspberrypicosdk) StdoutLine: {'line': b'[  3%] \x1b[32mBuilding CXX object RadioLib/CMakeFiles/RadioLib.dir/src/modules/LR11x0/LR1121.cpp.o\x1b[0m\n'}
[0.876757] (micro_ros_raspberrypicosdk) StdoutLine: {'line': b'[  4%] \x1b[32mBuilding CXX object RadioLib/CMakeFiles/RadioLib.dir/src/modules/LLCC68/LLCC68.cpp.o\x1b[0m\n'}
[0.877001] (micro_ros_raspberrypicosdk) StdoutLine: {'line': b'[  4%] \x1b[32mBuilding CXX object RadioLib/CMakeFiles/RadioLib.dir/src/modules/LR11x0/LR1120.cpp.o\x1b[0m\n'}
[0.877191] (micro_ros_raspberrypicosdk) StdoutLine: {'line': b'[  4%] \x1b[32mBuilding CXX object RadioLib/CMakeFiles/RadioLib.dir/src/modules/LR11x0/LR11x0_commands.cpp.o\x1b[0m\n'}
[0.877425] (micro_ros_raspberrypicosdk) StdoutLine: {'line': b'[  5%] \x1b[32mBuilding CXX object RadioLib/CMakeFiles/RadioLib.dir/src/modules/LR11x0/LR11x0_crypto.cpp.o\x1b[0m\n'}
[0.877662] (micro_ros_raspberrypicosdk) StdoutLine: {'line': b'[  7%] \x1b[32mBuilding CXX object RadioLib/CMakeFiles/RadioLib.dir/src/modules/LR11x0/LR11x0_gnss.cpp.o\x1b[0m\n'}
[0.877774] (micro_ros_raspberrypicosdk) StdoutLine: {'line': b'[  7%] \x1b[32mBuilding CXX object RadioLib/CMakeFiles/RadioLib.dir/src/modules/LR11x0/LR11x0.cpp.o\x1b[0m\n'}
[0.878415] (micro_ros_raspberrypicosdk) StdoutLine: {'line': b'[  7%] \x1b[32mBuilding CXX object RadioLib/CMakeFiles/RadioLib.dir/src/modules/LR11x0/LR11x0_wifi.cpp.o\x1b[0m\n'}
[0.878556] (micro_ros_raspberrypicosdk) StdoutLine: {'line': b'[  8%] \x1b[32mBuilding CXX object RadioLib/CMakeFiles/RadioLib.dir/src/modules/RF69/RF69.cpp.o\x1b[0m\n'}
[0.880460] (micro_ros_raspberrypicosdk) StdoutLine: {'line': b'[  8%] \x1b[32mBuilding CXX object RadioLib/CMakeFiles/RadioLib.dir/src/modules/SX123x/SX1231.cpp.o\x1b[0m\n'}
[0.883189] (micro_ros_raspberrypicosdk) StdoutLine: {'line': b'[  9%] \x1b[32mBuilding CXX object RadioLib/CMakeFiles/RadioLib.dir/src/modules/SX123x/SX1233.cpp.o\x1b[0m\n'}
[0.900369] (-) TimerEvent: {}
[0.906568] (micro_ros_raspberrypicosdk) StdoutLine: {'line': b'[ 10%] \x1b[32m\x1b[1mLinking ASM executable bs2_default.elf\x1b[0m\n'}
[0.948657] (micro_ros_raspberrypicosdk) StdoutLine: {'line': b'[ 10%] Built target bs2_default\n'}
[0.956619] (micro_ros_raspberrypicosdk) StdoutLine: {'line': b'[ 11%] \x1b[34m\x1b[1mGenerating bs2_default.bin\x1b[0m\n'}
[0.969863] (micro_ros_raspberrypicosdk) StdoutLine: {'line': b'[ 11%] \x1b[34m\x1b[1mGenerating bs2_default_padded_checksummed.S\x1b[0m\n'}
[0.973960] (micro_ros_raspberrypicosdk) StdoutLine: {'line': b'[ 12%] \x1b[32mBuilding CXX object RadioLib/CMakeFiles/RadioLib.dir/src/modules/SX126x/STM32WLx.cpp.o\x1b[0m\n'}
[0.978258] (micro_ros_raspberrypicosdk) StdoutLine: {'line': b'[ 12%] \x1b[32mBuilding CXX object RadioLib/CMakeFiles/RadioLib.dir/src/modules/SX126x/STM32WLx_Module.cpp.o\x1b[0m\n'}
[1.001380] (-) TimerEvent: {}
[1.020064] (micro_ros_raspberrypicosdk) StdoutLine: {'line': b'[ 13%] \x1b[32mBuilding CXX object RadioLib/CMakeFiles/RadioLib.dir/src/modules/SX126x/SX1261.cpp.o\x1b[0m\n'}
[1.031163] (micro_ros_raspberrypicosdk) StdoutLine: {'line': b'[ 14%] \x1b[32mBuilding CXX object RadioLib/CMakeFiles/RadioLib.dir/src/modules/SX126x/SX1262.cpp.o\x1b[0m\n'}
[1.069350] (micro_ros_raspberrypicosdk) StdoutLine: {'line': b'[ 14%] \x1b[32mBuilding CXX object RadioLib/CMakeFiles/RadioLib.dir/src/modules/SX126x/SX1268.cpp.o\x1b[0m\n'}
[1.074058] (micro_ros_raspberrypicosdk) StderrLine: {'line': b"\x1b[01m\x1b[K/home/ryanjeronimus/github/pico_comms/RadioLib/src/Module.cpp:\x1b[m\x1b[K In member function '\x1b[01m\x1b[Kvoid Module::\x1b[01;32m\x1b[KSPIreadRegisterBurst\x1b[m\x1b[K(uint32_t, size_t, uint8_t*)\x1b[m\x1b[K':\n"}
[1.074440] (micro_ros_raspberrypicosdk) StderrLine: {'line': b'\x1b[01m\x1b[K/home/ryanjeronimus/github/pico_comms/RadioLib/src/Module.cpp:118:19:\x1b[m\x1b[K \x1b[01;35m\x1b[Kwarning: \x1b[m\x1b[Kwriting 1 byte into a region of size 0 [\x1b[01;35m\x1b[K\x1b]8;;https://gcc.gnu.org/onlinedocs/gcc-14.2.0/gcc/Warning-Options.html#index-Wno-stringop-overflow\x07-Wstringop-overflow=\x1b]8;;\x07\x1b[m\x1b[K]\n'}
[1.074630] (micro_ros_raspberrypicosdk) StderrLine: {'line': b'  118 |       \x1b[01;35m\x1b[K*(cmdPtr++) = (this->spiConfig.cmds[RADIOLIB_MODULE_SPI_COMMAND_READ] >> 8*i) & 0xFF\x1b[m\x1b[K;\n'}
[1.074776] (micro_ros_raspberrypicosdk) StderrLine: {'line': b'      |       \x1b[01;35m\x1b[K~~~~~~~~~~~~^~~~~~~~~~~~~~~~~~~~~~~~~~~~~~~~~~~~~~~~~~~~~~~~~~~~~~~~~~~~~~~~~~~~~~~~\x1b[m\x1b[K\n'}
[1.074902] (micro_ros_raspberrypicosdk) StderrLine: {'line': b"\x1b[01m\x1b[K/home/ryanjeronimus/github/pico_comms/RadioLib/src/Module.cpp:115:13:\x1b[m\x1b[K \x1b[01;36m\x1b[Knote: \x1b[m\x1b[Kat offset 6 into destination object '\x1b[01m\x1b[Kcmd\x1b[m\x1b[K' of size 6\n"}
[1.075021] (micro_ros_raspberrypicosdk) StderrLine: {'line': b'  115 |     uint8_t \x1b[01;36m\x1b[Kcmd\x1b[m\x1b[K[6];\n'}
[1.075148] (micro_ros_raspberrypicosdk) StderrLine: {'line': b'      |             \x1b[01;36m\x1b[K^~~\x1b[m\x1b[K\n'}
[1.075257] (micro_ros_raspberrypicosdk) StderrLine: {'line': b'\x1b[01m\x1b[K/home/ryanjeronimus/github/pico_comms/RadioLib/src/Module.cpp:118:19:\x1b[m\x1b[K \x1b[01;35m\x1b[Kwarning: \x1b[m\x1b[Kwriting 1 byte into a region of size 0 [\x1b[01;35m\x1b[K\x1b]8;;https://gcc.gnu.org/onlinedocs/gcc-14.2.0/gcc/Warning-Options.html#index-Wno-stringop-overflow\x07-Wstringop-overflow=\x1b]8;;\x07\x1b[m\x1b[K]\n'}
[1.075386] (micro_ros_raspberrypicosdk) StderrLine: {'line': b'  118 |       \x1b[01;35m\x1b[K*(cmdPtr++) = (this->spiConfig.cmds[RADIOLIB_MODULE_SPI_COMMAND_READ] >> 8*i) & 0xFF\x1b[m\x1b[K;\n'}
[1.075482] (micro_ros_raspberrypicosdk) StderrLine: {'line': b'      |       \x1b[01;35m\x1b[K~~~~~~~~~~~~^~~~~~~~~~~~~~~~~~~~~~~~~~~~~~~~~~~~~~~~~~~~~~~~~~~~~~~~~~~~~~~~~~~~~~~~\x1b[m\x1b[K\n'}
[1.075569] (micro_ros_raspberrypicosdk) StderrLine: {'line': b"\x1b[01m\x1b[K/home/ryanjeronimus/github/pico_comms/RadioLib/src/Module.cpp:115:13:\x1b[m\x1b[K \x1b[01;36m\x1b[Knote: \x1b[m\x1b[Kat offset 7 into destination object '\x1b[01m\x1b[Kcmd\x1b[m\x1b[K' of size 6\n"}
[1.075666] (micro_ros_raspberrypicosdk) StderrLine: {'line': b'  115 |     uint8_t \x1b[01;36m\x1b[Kcmd\x1b[m\x1b[K[6];\n'}
[1.075747] (micro_ros_raspberrypicosdk) StderrLine: {'line': b'      |             \x1b[01;36m\x1b[K^~~\x1b[m\x1b[K\n'}
[1.075828] (micro_ros_raspberrypicosdk) StderrLine: {'line': b'\x1b[01m\x1b[K/home/ryanjeronimus/github/pico_comms/RadioLib/src/Module.cpp:118:19:\x1b[m\x1b[K \x1b[01;35m\x1b[Kwarning: \x1b[m\x1b[Kwriting 1 byte into a region of size 0 [\x1b[01;35m\x1b[K\x1b]8;;https://gcc.gnu.org/onlinedocs/gcc-14.2.0/gcc/Warning-Options.html#index-Wno-stringop-overflow\x07-Wstringop-overflow=\x1b]8;;\x07\x1b[m\x1b[K]\n'}
[1.075934] (micro_ros_raspberrypicosdk) StderrLine: {'line': b'  118 |       \x1b[01;35m\x1b[K*(cmdPtr++) = (this->spiConfig.cmds[RADIOLIB_MODULE_SPI_COMMAND_READ] >> 8*i) & 0xFF\x1b[m\x1b[K;\n'}
[1.076017] (micro_ros_raspberrypicosdk) StderrLine: {'line': b'      |       \x1b[01;35m\x1b[K~~~~~~~~~~~~^~~~~~~~~~~~~~~~~~~~~~~~~~~~~~~~~~~~~~~~~~~~~~~~~~~~~~~~~~~~~~~~~~~~~~~~\x1b[m\x1b[K\n'}
[1.076108] (micro_ros_raspberrypicosdk) StderrLine: {'line': b"\x1b[01m\x1b[K/home/ryanjeronimus/github/pico_comms/RadioLib/src/Module.cpp:115:13:\x1b[m\x1b[K \x1b[01;36m\x1b[Knote: \x1b[m\x1b[Kat offset 8 into destination object '\x1b[01m\x1b[Kcmd\x1b[m\x1b[K' of size 6\n"}
[1.076188] (micro_ros_raspberrypicosdk) StderrLine: {'line': b'  115 |     uint8_t \x1b[01;36m\x1b[Kcmd\x1b[m\x1b[K[6];\n'}
[1.076281] (micro_ros_raspberrypicosdk) StderrLine: {'line': b'      |             \x1b[01;36m\x1b[K^~~\x1b[m\x1b[K\n'}
[1.076389] (micro_ros_raspberrypicosdk) StderrLine: {'line': b'\x1b[01m\x1b[K/home/ryanjeronimus/github/pico_comms/RadioLib/src/Module.cpp:118:19:\x1b[m\x1b[K \x1b[01;35m\x1b[Kwarning: \x1b[m\x1b[Kwriting 1 byte into a region of size 0 [\x1b[01;35m\x1b[K\x1b]8;;https://gcc.gnu.org/onlinedocs/gcc-14.2.0/gcc/Warning-Options.html#index-Wno-stringop-overflow\x07-Wstringop-overflow=\x1b]8;;\x07\x1b[m\x1b[K]\n'}
[1.076493] (micro_ros_raspberrypicosdk) StderrLine: {'line': b'  118 |       \x1b[01;35m\x1b[K*(cmdPtr++) = (this->spiConfig.cmds[RADIOLIB_MODULE_SPI_COMMAND_READ] >> 8*i) & 0xFF\x1b[m\x1b[K;\n'}
[1.076571] (micro_ros_raspberrypicosdk) StderrLine: {'line': b'      |       \x1b[01;35m\x1b[K~~~~~~~~~~~~^~~~~~~~~~~~~~~~~~~~~~~~~~~~~~~~~~~~~~~~~~~~~~~~~~~~~~~~~~~~~~~~~~~~~~~~\x1b[m\x1b[K\n'}
[1.076654] (micro_ros_raspberrypicosdk) StderrLine: {'line': b"\x1b[01m\x1b[K/home/ryanjeronimus/github/pico_comms/RadioLib/src/Module.cpp:115:13:\x1b[m\x1b[K \x1b[01;36m\x1b[Knote: \x1b[m\x1b[Kat offset 9 into destination object '\x1b[01m\x1b[Kcmd\x1b[m\x1b[K' of size 6\n"}
[1.076744] (micro_ros_raspberrypicosdk) StderrLine: {'line': b'  115 |     uint8_t \x1b[01;36m\x1b[Kcmd\x1b[m\x1b[K[6];\n'}
[1.076826] (micro_ros_raspberrypicosdk) StderrLine: {'line': b'      |             \x1b[01;36m\x1b[K^~~\x1b[m\x1b[K\n'}
[1.076903] (micro_ros_raspberrypicosdk) StderrLine: {'line': b'\x1b[01m\x1b[K/home/ryanjeronimus/github/pico_comms/RadioLib/src/Module.cpp:118:19:\x1b[m\x1b[K \x1b[01;35m\x1b[Kwarning: \x1b[m\x1b[Kwriting 1 byte into a region of size 0 [\x1b[01;35m\x1b[K\x1b]8;;https://gcc.gnu.org/onlinedocs/gcc-14.2.0/gcc/Warning-Options.html#index-Wno-stringop-overflow\x07-Wstringop-overflow=\x1b]8;;\x07\x1b[m\x1b[K]\n'}
[1.076991] (micro_ros_raspberrypicosdk) StderrLine: {'line': b'  118 |       \x1b[01;35m\x1b[K*(cmdPtr++) = (this->spiConfig.cmds[RADIOLIB_MODULE_SPI_COMMAND_READ] >> 8*i) & 0xFF\x1b[m\x1b[K;\n'}
[1.077061] (micro_ros_raspberrypicosdk) StderrLine: {'line': b'      |       \x1b[01;35m\x1b[K~~~~~~~~~~~~^~~~~~~~~~~~~~~~~~~~~~~~~~~~~~~~~~~~~~~~~~~~~~~~~~~~~~~~~~~~~~~~~~~~~~~~\x1b[m\x1b[K\n'}
[1.077130] (micro_ros_raspberrypicosdk) StderrLine: {'line': b"\x1b[01m\x1b[K/home/ryanjeronimus/github/pico_comms/RadioLib/src/Module.cpp:115:13:\x1b[m\x1b[K \x1b[01;36m\x1b[Knote: \x1b[m\x1b[Kat offset 10 into destination object '\x1b[01m\x1b[Kcmd\x1b[m\x1b[K' of size 6\n"}
[1.077210] (micro_ros_raspberrypicosdk) StderrLine: {'line': b'  115 |     uint8_t \x1b[01;36m\x1b[Kcmd\x1b[m\x1b[K[6];\n'}
[1.077278] (micro_ros_raspberrypicosdk) StderrLine: {'line': b'      |             \x1b[01;36m\x1b[K^~~\x1b[m\x1b[K\n'}
[1.084292] (micro_ros_raspberrypicosdk) StderrLine: {'line': b'\x1b[01m\x1b[K/home/ryanjeronimus/github/pico_comms/RadioLib/src/Module.cpp:118:19:\x1b[m\x1b[K \x1b[01;35m\x1b[Kwarning: \x1b[m\x1b[Kwriting 1 byte into a region of size 0 [\x1b[01;35m\x1b[K\x1b]8;;https://gcc.gnu.org/onlinedocs/gcc-14.2.0/gcc/Warning-Options.html#index-Wno-stringop-overflow\x07-Wstringop-overflow=\x1b]8;;\x07\x1b[m\x1b[K]\n'}
[1.084555] (micro_ros_raspberrypicosdk) StderrLine: {'line': b'  118 |       \x1b[01;35m\x1b[K*(cmdPtr++) = (this->spiConfig.cmds[RADIOLIB_MODULE_SPI_COMMAND_READ] >> 8*i) & 0xFF\x1b[m\x1b[K;\n'}
[1.084706] (micro_ros_raspberrypicosdk) StderrLine: {'line': b'      |       \x1b[01;35m\x1b[K~~~~~~~~~~~~^~~~~~~~~~~~~~~~~~~~~~~~~~~~~~~~~~~~~~~~~~~~~~~~~~~~~~~~~~~~~~~~~~~~~~~~\x1b[m\x1b[K\n'}
[1.084844] (micro_ros_raspberrypicosdk) StderrLine: {'line': b"\x1b[01m\x1b[K/home/ryanjeronimus/github/pico_comms/RadioLib/src/Module.cpp:115:13:\x1b[m\x1b[K \x1b[01;36m\x1b[Knote: \x1b[m\x1b[Kat offset 11 into destination object '\x1b[01m\x1b[Kcmd\x1b[m\x1b[K' of size 6\n"}
[1.084966] (micro_ros_raspberrypicosdk) StderrLine: {'line': b'  115 |     uint8_t \x1b[01;36m\x1b[Kcmd\x1b[m\x1b[K[6];\n'}
[1.085075] (micro_ros_raspberrypicosdk) StderrLine: {'line': b'      |             \x1b[01;36m\x1b[K^~~\x1b[m\x1b[K\n'}
[1.085200] (micro_ros_raspberrypicosdk) StderrLine: {'line': b'\x1b[01m\x1b[K/home/ryanjeronimus/github/pico_comms/RadioLib/src/Module.cpp:118:19:\x1b[m\x1b[K \x1b[01;35m\x1b[Kwarning: \x1b[m\x1b[Kwriting 1 byte into a region of size 0 [\x1b[01;35m\x1b[K\x1b]8;;https://gcc.gnu.org/onlinedocs/gcc-14.2.0/gcc/Warning-Options.html#index-Wno-stringop-overflow\x07-Wstringop-overflow=\x1b]8;;\x07\x1b[m\x1b[K]\n'}
[1.085335] (micro_ros_raspberrypicosdk) StderrLine: {'line': b'  118 |       \x1b[01;35m\x1b[K*(cmdPtr++) = (this->spiConfig.cmds[RADIOLIB_MODULE_SPI_COMMAND_READ] >> 8*i) & 0xFF\x1b[m\x1b[K;\n'}
[1.085474] (micro_ros_raspberrypicosdk) StderrLine: {'line': b'      |       \x1b[01;35m\x1b[K~~~~~~~~~~~~^~~~~~~~~~~~~~~~~~~~~~~~~~~~~~~~~~~~~~~~~~~~~~~~~~~~~~~~~~~~~~~~~~~~~~~~\x1b[m\x1b[K\n'}
[1.085588] (micro_ros_raspberrypicosdk) StderrLine: {'line': b"\x1b[01m\x1b[K/home/ryanjeronimus/github/pico_comms/RadioLib/src/Module.cpp:115:13:\x1b[m\x1b[K \x1b[01;36m\x1b[Knote: \x1b[m\x1b[Kat offset 12 into destination object '\x1b[01m\x1b[Kcmd\x1b[m\x1b[K' of size 6\n"}
[1.085699] (micro_ros_raspberrypicosdk) StderrLine: {'line': b'  115 |     uint8_t \x1b[01;36m\x1b[Kcmd\x1b[m\x1b[K[6];\n'}
[1.085798] (micro_ros_raspberrypicosdk) StderrLine: {'line': b'      |             \x1b[01;36m\x1b[K^~~\x1b[m\x1b[K\n'}
[1.085903] (micro_ros_raspberrypicosdk) StderrLine: {'line': b'\x1b[01m\x1b[K/home/ryanjeronimus/github/pico_comms/RadioLib/src/Module.cpp:118:19:\x1b[m\x1b[K \x1b[01;35m\x1b[Kwarning: \x1b[m\x1b[Kwriting 1 byte into a region of size 0 [\x1b[01;35m\x1b[K\x1b]8;;https://gcc.gnu.org/onlinedocs/gcc-14.2.0/gcc/Warning-Options.html#index-Wno-stringop-overflow\x07-Wstringop-overflow=\x1b]8;;\x07\x1b[m\x1b[K]\n'}
[1.086019] (micro_ros_raspberrypicosdk) StderrLine: {'line': b'  118 |       \x1b[01;35m\x1b[K*(cmdPtr++) = (this->spiConfig.cmds[RADIOLIB_MODULE_SPI_COMMAND_READ] >> 8*i) & 0xFF\x1b[m\x1b[K;\n'}
[1.086134] (micro_ros_raspberrypicosdk) StderrLine: {'line': b'      |       \x1b[01;35m\x1b[K~~~~~~~~~~~~^~~~~~~~~~~~~~~~~~~~~~~~~~~~~~~~~~~~~~~~~~~~~~~~~~~~~~~~~~~~~~~~~~~~~~~~\x1b[m\x1b[K\n'}
[1.086241] (micro_ros_raspberrypicosdk) StderrLine: {'line': b"\x1b[01m\x1b[K/home/ryanjeronimus/github/pico_comms/RadioLib/src/Module.cpp:115:13:\x1b[m\x1b[K \x1b[01;36m\x1b[Knote: \x1b[m\x1b[Kat offset 13 into destination object '\x1b[01m\x1b[Kcmd\x1b[m\x1b[K' of size 6\n"}
[1.086376] (micro_ros_raspberrypicosdk) StderrLine: {'line': b'  115 |     uint8_t \x1b[01;36m\x1b[Kcmd\x1b[m\x1b[K[6];\n'}
[1.086521] (micro_ros_raspberrypicosdk) StderrLine: {'line': b'      |             \x1b[01;36m\x1b[K^~~\x1b[m\x1b[K\n'}
[1.086626] (micro_ros_raspberrypicosdk) StderrLine: {'line': b'\x1b[01m\x1b[K/home/ryanjeronimus/github/pico_comms/RadioLib/src/Module.cpp:118:19:\x1b[m\x1b[K \x1b[01;35m\x1b[Kwarning: \x1b[m\x1b[Kwriting 1 byte into a region of size 0 [\x1b[01;35m\x1b[K\x1b]8;;https://gcc.gnu.org/onlinedocs/gcc-14.2.0/gcc/Warning-Options.html#index-Wno-stringop-overflow\x07-Wstringop-overflow=\x1b]8;;\x07\x1b[m\x1b[K]\n'}
[1.086713] (micro_ros_raspberrypicosdk) StderrLine: {'line': b'  118 |       \x1b[01;35m\x1b[K*(cmdPtr++) = (this->spiConfig.cmds[RADIOLIB_MODULE_SPI_COMMAND_READ] >> 8*i) & 0xFF\x1b[m\x1b[K;\n'}
[1.086824] (micro_ros_raspberrypicosdk) StderrLine: {'line': b'      |       \x1b[01;35m\x1b[K~~~~~~~~~~~~^~~~~~~~~~~~~~~~~~~~~~~~~~~~~~~~~~~~~~~~~~~~~~~~~~~~~~~~~~~~~~~~~~~~~~~~\x1b[m\x1b[K\n'}
[1.092351] (micro_ros_raspberrypicosdk) StderrLine: {'line': b"\x1b[01m\x1b[K/home/ryanjeronimus/github/pico_comms/RadioLib/src/Module.cpp:115:13:\x1b[m\x1b[K \x1b[01;36m\x1b[Knote: \x1b[m\x1b[Kat offset 14 into destination object '\x1b[01m\x1b[Kcmd\x1b[m\x1b[K' of size 6\n"}
[1.092581] (micro_ros_raspberrypicosdk) StderrLine: {'line': b'  115 |     uint8_t \x1b[01;36m\x1b[Kcmd\x1b[m\x1b[K[6];\n'}
[1.092699] (micro_ros_raspberrypicosdk) StderrLine: {'line': b'      |             \x1b[01;36m\x1b[K^~~\x1b[m\x1b[K\n'}
[1.093982] (micro_ros_raspberrypicosdk) StdoutLine: {'line': b'[ 15%] \x1b[32mBuilding CXX object RadioLib/CMakeFiles/RadioLib.dir/src/modules/SX126x/SX126x.cpp.o\x1b[0m\n'}
[1.095982] (micro_ros_raspberrypicosdk) StdoutLine: {'line': b'[ 15%] \x1b[32mBuilding ASM object pico-sdk/src/rp2350/boot_stage2/CMakeFiles/bs2_default_library.dir/bs2_default_padded_checksummed.S.o\x1b[0m\n'}
[1.101526] (-) TimerEvent: {}
[1.103421] (micro_ros_raspberrypicosdk) StdoutLine: {'line': b'[ 16%] \x1b[32mBuilding CXX object RadioLib/CMakeFiles/RadioLib.dir/src/modules/SX126x/SX126x_LR_FHSS.cpp.o\x1b[0m\n'}
[1.114736] (micro_ros_raspberrypicosdk) StderrLine: {'line': b"\x1b[01m\x1b[K/home/ryanjeronimus/github/pico_comms/RadioLib/src/Module.cpp:\x1b[m\x1b[K In member function '\x1b[01m\x1b[Kuint8_t Module::\x1b[01;32m\x1b[KSPIreadRegister\x1b[m\x1b[K(uint32_t)\x1b[m\x1b[K':\n"}
[1.115071] (micro_ros_raspberrypicosdk) StderrLine: {'line': b'\x1b[01m\x1b[K/home/ryanjeronimus/github/pico_comms/RadioLib/src/Module.cpp:135:19:\x1b[m\x1b[K \x1b[01;35m\x1b[Kwarning: \x1b[m\x1b[Kwriting 1 byte into a region of size 0 [\x1b[01;35m\x1b[K\x1b]8;;https://gcc.gnu.org/onlinedocs/gcc-14.2.0/gcc/Warning-Options.html#index-Wno-stringop-overflow\x07-Wstringop-overflow=\x1b]8;;\x07\x1b[m\x1b[K]\n'}
[1.115239] (micro_ros_raspberrypicosdk) StderrLine: {'line': b'  135 |       \x1b[01;35m\x1b[K*(cmdPtr++) = (this->spiConfig.cmds[RADIOLIB_MODULE_SPI_COMMAND_READ] >> 8*i) & 0xFF\x1b[m\x1b[K;\n'}
[1.115409] (micro_ros_raspberrypicosdk) StderrLine: {'line': b'      |       \x1b[01;35m\x1b[K~~~~~~~~~~~~^~~~~~~~~~~~~~~~~~~~~~~~~~~~~~~~~~~~~~~~~~~~~~~~~~~~~~~~~~~~~~~~~~~~~~~~\x1b[m\x1b[K\n'}
[1.115564] (micro_ros_raspberrypicosdk) StderrLine: {'line': b"\x1b[01m\x1b[K/home/ryanjeronimus/github/pico_comms/RadioLib/src/Module.cpp:132:13:\x1b[m\x1b[K \x1b[01;36m\x1b[Knote: \x1b[m\x1b[Kat offset 6 into destination object '\x1b[01m\x1b[Kcmd\x1b[m\x1b[K' of size 6\n"}
[1.115688] (micro_ros_raspberrypicosdk) StderrLine: {'line': b'  132 |     uint8_t \x1b[01;36m\x1b[Kcmd\x1b[m\x1b[K[6];\n'}
[1.115797] (micro_ros_raspberrypicosdk) StderrLine: {'line': b'      |             \x1b[01;36m\x1b[K^~~\x1b[m\x1b[K\n'}
[1.115898] (micro_ros_raspberrypicosdk) StderrLine: {'line': b'\x1b[01m\x1b[K/home/ryanjeronimus/github/pico_comms/RadioLib/src/Module.cpp:135:19:\x1b[m\x1b[K \x1b[01;35m\x1b[Kwarning: \x1b[m\x1b[Kwriting 1 byte into a region of size 0 [\x1b[01;35m\x1b[K\x1b]8;;https://gcc.gnu.org/onlinedocs/gcc-14.2.0/gcc/Warning-Options.html#index-Wno-stringop-overflow\x07-Wstringop-overflow=\x1b]8;;\x07\x1b[m\x1b[K]\n'}
[1.116008] (micro_ros_raspberrypicosdk) StderrLine: {'line': b'  135 |       \x1b[01;35m\x1b[K*(cmdPtr++) = (this->spiConfig.cmds[RADIOLIB_MODULE_SPI_COMMAND_READ] >> 8*i) & 0xFF\x1b[m\x1b[K;\n'}
[1.116112] (micro_ros_raspberrypicosdk) StderrLine: {'line': b'      |       \x1b[01;35m\x1b[K~~~~~~~~~~~~^~~~~~~~~~~~~~~~~~~~~~~~~~~~~~~~~~~~~~~~~~~~~~~~~~~~~~~~~~~~~~~~~~~~~~~~\x1b[m\x1b[K\n'}
[1.116219] (micro_ros_raspberrypicosdk) StderrLine: {'line': b"\x1b[01m\x1b[K/home/ryanjeronimus/github/pico_comms/RadioLib/src/Module.cpp:132:13:\x1b[m\x1b[K \x1b[01;36m\x1b[Knote: \x1b[m\x1b[Kat offset 7 into destination object '\x1b[01m\x1b[Kcmd\x1b[m\x1b[K' of size 6\n"}
[1.116359] (micro_ros_raspberrypicosdk) StderrLine: {'line': b'  132 |     uint8_t \x1b[01;36m\x1b[Kcmd\x1b[m\x1b[K[6];\n'}
[1.116487] (micro_ros_raspberrypicosdk) StderrLine: {'line': b'      |             \x1b[01;36m\x1b[K^~~\x1b[m\x1b[K\n'}
[1.116595] (micro_ros_raspberrypicosdk) StderrLine: {'line': b'\x1b[01m\x1b[K/home/ryanjeronimus/github/pico_comms/RadioLib/src/Module.cpp:135:19:\x1b[m\x1b[K \x1b[01;35m\x1b[Kwarning: \x1b[m\x1b[Kwriting 1 byte into a region of size 0 [\x1b[01;35m\x1b[K\x1b]8;;https://gcc.gnu.org/onlinedocs/gcc-14.2.0/gcc/Warning-Options.html#index-Wno-stringop-overflow\x07-Wstringop-overflow=\x1b]8;;\x07\x1b[m\x1b[K]\n'}
[1.116708] (micro_ros_raspberrypicosdk) StderrLine: {'line': b'  135 |       \x1b[01;35m\x1b[K*(cmdPtr++) = (this->spiConfig.cmds[RADIOLIB_MODULE_SPI_COMMAND_READ] >> 8*i) & 0xFF\x1b[m\x1b[K;\n'}
[1.116815] (micro_ros_raspberrypicosdk) StderrLine: {'line': b'      |       \x1b[01;35m\x1b[K~~~~~~~~~~~~^~~~~~~~~~~~~~~~~~~~~~~~~~~~~~~~~~~~~~~~~~~~~~~~~~~~~~~~~~~~~~~~~~~~~~~~\x1b[m\x1b[K\n'}
[1.116922] (micro_ros_raspberrypicosdk) StderrLine: {'line': b"\x1b[01m\x1b[K/home/ryanjeronimus/github/pico_comms/RadioLib/src/Module.cpp:132:13:\x1b[m\x1b[K \x1b[01;36m\x1b[Knote: \x1b[m\x1b[Kat offset 8 into destination object '\x1b[01m\x1b[Kcmd\x1b[m\x1b[K' of size 6\n"}
[1.117032] (micro_ros_raspberrypicosdk) StderrLine: {'line': b'  132 |     uint8_t \x1b[01;36m\x1b[Kcmd\x1b[m\x1b[K[6];\n'}
[1.117140] (micro_ros_raspberrypicosdk) StderrLine: {'line': b'      |             \x1b[01;36m\x1b[K^~~\x1b[m\x1b[K\n'}
[1.117249] (micro_ros_raspberrypicosdk) StderrLine: {'line': b'\x1b[01m\x1b[K/home/ryanjeronimus/github/pico_comms/RadioLib/src/Module.cpp:135:19:\x1b[m\x1b[K \x1b[01;35m\x1b[Kwarning: \x1b[m\x1b[Kwriting 1 byte into a region of size 0 [\x1b[01;35m\x1b[K\x1b]8;;https://gcc.gnu.org/onlinedocs/gcc-14.2.0/gcc/Warning-Options.html#index-Wno-stringop-overflow\x07-Wstringop-overflow=\x1b]8;;\x07\x1b[m\x1b[K]\n'}
[1.117378] (micro_ros_raspberrypicosdk) StderrLine: {'line': b'  135 |       \x1b[01;35m\x1b[K*(cmdPtr++) = (this->spiConfig.cmds[RADIOLIB_MODULE_SPI_COMMAND_READ] >> 8*i) & 0xFF\x1b[m\x1b[K;\n'}
[1.117497] (micro_ros_raspberrypicosdk) StderrLine: {'line': b'      |       \x1b[01;35m\x1b[K~~~~~~~~~~~~^~~~~~~~~~~~~~~~~~~~~~~~~~~~~~~~~~~~~~~~~~~~~~~~~~~~~~~~~~~~~~~~~~~~~~~~\x1b[m\x1b[K\n'}
[1.117602] (micro_ros_raspberrypicosdk) StderrLine: {'line': b"\x1b[01m\x1b[K/home/ryanjeronimus/github/pico_comms/RadioLib/src/Module.cpp:132:13:\x1b[m\x1b[K \x1b[01;36m\x1b[Knote: \x1b[m\x1b[Kat offset 9 into destination object '\x1b[01m\x1b[Kcmd\x1b[m\x1b[K' of size 6\n"}
[1.117706] (micro_ros_raspberrypicosdk) StderrLine: {'line': b'  132 |     uint8_t \x1b[01;36m\x1b[Kcmd\x1b[m\x1b[K[6];\n'}
[1.117810] (micro_ros_raspberrypicosdk) StderrLine: {'line': b'      |             \x1b[01;36m\x1b[K^~~\x1b[m\x1b[K\n'}
[1.117917] (micro_ros_raspberrypicosdk) StderrLine: {'line': b'\x1b[01m\x1b[K/home/ryanjeronimus/github/pico_comms/RadioLib/src/Module.cpp:135:19:\x1b[m\x1b[K \x1b[01;35m\x1b[Kwarning: \x1b[m\x1b[Kwriting 1 byte into a region of size 0 [\x1b[01;35m\x1b[K\x1b]8;;https://gcc.gnu.org/onlinedocs/gcc-14.2.0/gcc/Warning-Options.html#index-Wno-stringop-overflow\x07-Wstringop-overflow=\x1b]8;;\x07\x1b[m\x1b[K]\n'}
[1.118041] (micro_ros_raspberrypicosdk) StderrLine: {'line': b'  135 |       \x1b[01;35m\x1b[K*(cmdPtr++) = (this->spiConfig.cmds[RADIOLIB_MODULE_SPI_COMMAND_READ] >> 8*i) & 0xFF\x1b[m\x1b[K;\n'}
[1.118147] (micro_ros_raspberrypicosdk) StderrLine: {'line': b'      |       \x1b[01;35m\x1b[K~~~~~~~~~~~~^~~~~~~~~~~~~~~~~~~~~~~~~~~~~~~~~~~~~~~~~~~~~~~~~~~~~~~~~~~~~~~~~~~~~~~~\x1b[m\x1b[K\n'}
[1.118252] (micro_ros_raspberrypicosdk) StderrLine: {'line': b"\x1b[01m\x1b[K/home/ryanjeronimus/github/pico_comms/RadioLib/src/Module.cpp:132:13:\x1b[m\x1b[K \x1b[01;36m\x1b[Knote: \x1b[m\x1b[Kat offset 10 into destination object '\x1b[01m\x1b[Kcmd\x1b[m\x1b[K' of size 6\n"}
[1.121613] (micro_ros_raspberrypicosdk) StderrLine: {'line': b'  132 |     uint8_t \x1b[01;36m\x1b[Kcmd\x1b[m\x1b[K[6];\n'}
[1.121855] (micro_ros_raspberrypicosdk) StderrLine: {'line': b'      |             \x1b[01;36m\x1b[K^~~\x1b[m\x1b[K\n'}
[1.122027] (micro_ros_raspberrypicosdk) StderrLine: {'line': b'\x1b[01m\x1b[K/home/ryanjeronimus/github/pico_comms/RadioLib/src/Module.cpp:135:19:\x1b[m\x1b[K \x1b[01;35m\x1b[Kwarning: \x1b[m\x1b[Kwriting 1 byte into a region of size 0 [\x1b[01;35m\x1b[K\x1b]8;;https://gcc.gnu.org/onlinedocs/gcc-14.2.0/gcc/Warning-Options.html#index-Wno-stringop-overflow\x07-Wstringop-overflow=\x1b]8;;\x07\x1b[m\x1b[K]\n'}
[1.122181] (micro_ros_raspberrypicosdk) StderrLine: {'line': b'  135 |       \x1b[01;35m\x1b[K*(cmdPtr++) = (this->spiConfig.cmds[RADIOLIB_MODULE_SPI_COMMAND_READ] >> 8*i) & 0xFF\x1b[m\x1b[K;\n'}
[1.122460] (micro_ros_raspberrypicosdk) StderrLine: {'line': b'      |       \x1b[01;35m\x1b[K~~~~~~~~~~~~^~~~~~~~~~~~~~~~~~~~~~~~~~~~~~~~~~~~~~~~~~~~~~~~~~~~~~~~~~~~~~~~~~~~~~~~\x1b[m\x1b[K\n'}
[1.122627] (micro_ros_raspberrypicosdk) StderrLine: {'line': b"\x1b[01m\x1b[K/home/ryanjeronimus/github/pico_comms/RadioLib/src/Module.cpp:132:13:\x1b[m\x1b[K \x1b[01;36m\x1b[Knote: \x1b[m\x1b[Kat offset 11 into destination object '\x1b[01m\x1b[Kcmd\x1b[m\x1b[K' of size 6\n"}
[1.122769] (micro_ros_raspberrypicosdk) StderrLine: {'line': b'  132 |     uint8_t \x1b[01;36m\x1b[Kcmd\x1b[m\x1b[K[6];\n'}
[1.122894] (micro_ros_raspberrypicosdk) StderrLine: {'line': b'      |             \x1b[01;36m\x1b[K^~~\x1b[m\x1b[K\n'}
[1.123001] (micro_ros_raspberrypicosdk) StderrLine: {'line': b'\x1b[01m\x1b[K/home/ryanjeronimus/github/pico_comms/RadioLib/src/Module.cpp:135:19:\x1b[m\x1b[K \x1b[01;35m\x1b[Kwarning: \x1b[m\x1b[Kwriting 1 byte into a region of size 0 [\x1b[01;35m\x1b[K\x1b]8;;https://gcc.gnu.org/onlinedocs/gcc-14.2.0/gcc/Warning-Options.html#index-Wno-stringop-overflow\x07-Wstringop-overflow=\x1b]8;;\x07\x1b[m\x1b[K]\n'}
[1.123108] (micro_ros_raspberrypicosdk) StderrLine: {'line': b'  135 |       \x1b[01;35m\x1b[K*(cmdPtr++) = (this->spiConfig.cmds[RADIOLIB_MODULE_SPI_COMMAND_READ] >> 8*i) & 0xFF\x1b[m\x1b[K;\n'}
[1.123223] (micro_ros_raspberrypicosdk) StderrLine: {'line': b'      |       \x1b[01;35m\x1b[K~~~~~~~~~~~~^~~~~~~~~~~~~~~~~~~~~~~~~~~~~~~~~~~~~~~~~~~~~~~~~~~~~~~~~~~~~~~~~~~~~~~~\x1b[m\x1b[K\n'}
[1.123348] (micro_ros_raspberrypicosdk) StderrLine: {'line': b"\x1b[01m\x1b[K/home/ryanjeronimus/github/pico_comms/RadioLib/src/Module.cpp:132:13:\x1b[m\x1b[K \x1b[01;36m\x1b[Knote: \x1b[m\x1b[Kat offset 12 into destination object '\x1b[01m\x1b[Kcmd\x1b[m\x1b[K' of size 6\n"}
[1.123478] (micro_ros_raspberrypicosdk) StderrLine: {'line': b'  132 |     uint8_t \x1b[01;36m\x1b[Kcmd\x1b[m\x1b[K[6];\n'}
[1.123575] (micro_ros_raspberrypicosdk) StderrLine: {'line': b'      |             \x1b[01;36m\x1b[K^~~\x1b[m\x1b[K\n'}
[1.123671] (micro_ros_raspberrypicosdk) StderrLine: {'line': b'\x1b[01m\x1b[K/home/ryanjeronimus/github/pico_comms/RadioLib/src/Module.cpp:135:19:\x1b[m\x1b[K \x1b[01;35m\x1b[Kwarning: \x1b[m\x1b[Kwriting 1 byte into a region of size 0 [\x1b[01;35m\x1b[K\x1b]8;;https://gcc.gnu.org/onlinedocs/gcc-14.2.0/gcc/Warning-Options.html#index-Wno-stringop-overflow\x07-Wstringop-overflow=\x1b]8;;\x07\x1b[m\x1b[K]\n'}
[1.123780] (micro_ros_raspberrypicosdk) StderrLine: {'line': b'  135 |       \x1b[01;35m\x1b[K*(cmdPtr++) = (this->spiConfig.cmds[RADIOLIB_MODULE_SPI_COMMAND_READ] >> 8*i) & 0xFF\x1b[m\x1b[K;\n'}
[1.123887] (micro_ros_raspberrypicosdk) StderrLine: {'line': b'      |       \x1b[01;35m\x1b[K~~~~~~~~~~~~^~~~~~~~~~~~~~~~~~~~~~~~~~~~~~~~~~~~~~~~~~~~~~~~~~~~~~~~~~~~~~~~~~~~~~~~\x1b[m\x1b[K\n'}
[1.123996] (micro_ros_raspberrypicosdk) StderrLine: {'line': b"\x1b[01m\x1b[K/home/ryanjeronimus/github/pico_comms/RadioLib/src/Module.cpp:132:13:\x1b[m\x1b[K \x1b[01;36m\x1b[Knote: \x1b[m\x1b[Kat offset 13 into destination object '\x1b[01m\x1b[Kcmd\x1b[m\x1b[K' of size 6\n"}
[1.124108] (micro_ros_raspberrypicosdk) StderrLine: {'line': b'  132 |     uint8_t \x1b[01;36m\x1b[Kcmd\x1b[m\x1b[K[6];\n'}
[1.124224] (micro_ros_raspberrypicosdk) StderrLine: {'line': b'      |             \x1b[01;36m\x1b[K^~~\x1b[m\x1b[K\n'}
[1.124857] (micro_ros_raspberrypicosdk) StderrLine: {'line': b'\x1b[01m\x1b[K/home/ryanjeronimus/github/pico_comms/RadioLib/src/Module.cpp:135:19:\x1b[m\x1b[K \x1b[01;35m\x1b[Kwarning: \x1b[m\x1b[Kwriting 1 byte into a region of size 0 [\x1b[01;35m\x1b[K\x1b]8;;https://gcc.gnu.org/onlinedocs/gcc-14.2.0/gcc/Warning-Options.html#index-Wno-stringop-overflow\x07-Wstringop-overflow=\x1b]8;;\x07\x1b[m\x1b[K]\n'}
[1.124988] (micro_ros_raspberrypicosdk) StderrLine: {'line': b'  135 |       \x1b[01;35m\x1b[K*(cmdPtr++) = (this->spiConfig.cmds[RADIOLIB_MODULE_SPI_COMMAND_READ] >> 8*i) & 0xFF\x1b[m\x1b[K;\n'}
[1.125096] (micro_ros_raspberrypicosdk) StderrLine: {'line': b'      |       \x1b[01;35m\x1b[K~~~~~~~~~~~~^~~~~~~~~~~~~~~~~~~~~~~~~~~~~~~~~~~~~~~~~~~~~~~~~~~~~~~~~~~~~~~~~~~~~~~~\x1b[m\x1b[K\n'}
[1.125202] (micro_ros_raspberrypicosdk) StderrLine: {'line': b"\x1b[01m\x1b[K/home/ryanjeronimus/github/pico_comms/RadioLib/src/Module.cpp:132:13:\x1b[m\x1b[K \x1b[01;36m\x1b[Knote: \x1b[m\x1b[Kat offset 14 into destination object '\x1b[01m\x1b[Kcmd\x1b[m\x1b[K' of size 6\n"}
[1.125325] (micro_ros_raspberrypicosdk) StderrLine: {'line': b'  132 |     uint8_t \x1b[01;36m\x1b[Kcmd\x1b[m\x1b[K[6];\n'}
[1.125449] (micro_ros_raspberrypicosdk) StderrLine: {'line': b'      |             \x1b[01;36m\x1b[K^~~\x1b[m\x1b[K\n'}
[1.125558] (micro_ros_raspberrypicosdk) StdoutLine: {'line': b'[ 16%] \x1b[32mBuilding CXX object RadioLib/CMakeFiles/RadioLib.dir/src/modules/SX126x/SX126x_commands.cpp.o\x1b[0m\n'}
[1.126766] (micro_ros_raspberrypicosdk) StdoutLine: {'line': b'[ 16%] Built target bs2_default_library\n'}
[1.131661] (micro_ros_raspberrypicosdk) StdoutLine: {'line': b'[ 17%] \x1b[32mBuilding CXX object RadioLib/CMakeFiles/RadioLib.dir/src/modules/SX126x/SX126x_config.cpp.o\x1b[0m\n'}
[1.159426] (micro_ros_raspberrypicosdk) StderrLine: {'line': b"\x1b[01m\x1b[K/home/ryanjeronimus/github/pico_comms/RadioLib/src/Module.cpp:\x1b[m\x1b[K In member function '\x1b[01m\x1b[Kvoid Module::\x1b[01;32m\x1b[KSPIwriteRegisterBurst\x1b[m\x1b[K(uint32_t, const uint8_t*, size_t)\x1b[m\x1b[K':\n"}
[1.160524] (micro_ros_raspberrypicosdk) StderrLine: {'line': b'\x1b[01m\x1b[K/home/ryanjeronimus/github/pico_comms/RadioLib/src/Module.cpp:152:19:\x1b[m\x1b[K \x1b[01;35m\x1b[Kwarning: \x1b[m\x1b[Kwriting 1 byte into a region of size 0 [\x1b[01;35m\x1b[K\x1b]8;;https://gcc.gnu.org/onlinedocs/gcc-14.2.0/gcc/Warning-Options.html#index-Wno-stringop-overflow\x07-Wstringop-overflow=\x1b]8;;\x07\x1b[m\x1b[K]\n'}
[1.160741] (micro_ros_raspberrypicosdk) StderrLine: {'line': b'  152 |       \x1b[01;35m\x1b[K*(cmdPtr++) = (this->spiConfig.cmds[RADIOLIB_MODULE_SPI_COMMAND_WRITE] >> 8*i) & 0xFF\x1b[m\x1b[K;\n'}
[1.160902] (micro_ros_raspberrypicosdk) StderrLine: {'line': b'      |       \x1b[01;35m\x1b[K~~~~~~~~~~~~^~~~~~~~~~~~~~~~~~~~~~~~~~~~~~~~~~~~~~~~~~~~~~~~~~~~~~~~~~~~~~~~~~~~~~~~~\x1b[m\x1b[K\n'}
[1.161043] (micro_ros_raspberrypicosdk) StderrLine: {'line': b"\x1b[01m\x1b[K/home/ryanjeronimus/github/pico_comms/RadioLib/src/Module.cpp:149:13:\x1b[m\x1b[K \x1b[01;36m\x1b[Knote: \x1b[m\x1b[Kat offset 6 into destination object '\x1b[01m\x1b[Kcmd\x1b[m\x1b[K' of size 6\n"}
[1.161164] (micro_ros_raspberrypicosdk) StderrLine: {'line': b'  149 |     uint8_t \x1b[01;36m\x1b[Kcmd\x1b[m\x1b[K[6];\n'}
[1.161295] (micro_ros_raspberrypicosdk) StderrLine: {'line': b'      |             \x1b[01;36m\x1b[K^~~\x1b[m\x1b[K\n'}
[1.161434] (micro_ros_raspberrypicosdk) StderrLine: {'line': b'\x1b[01m\x1b[K/home/ryanjeronimus/github/pico_comms/RadioLib/src/Module.cpp:152:19:\x1b[m\x1b[K \x1b[01;35m\x1b[Kwarning: \x1b[m\x1b[Kwriting 1 byte into a region of size 0 [\x1b[01;35m\x1b[K\x1b]8;;https://gcc.gnu.org/onlinedocs/gcc-14.2.0/gcc/Warning-Options.html#index-Wno-stringop-overflow\x07-Wstringop-overflow=\x1b]8;;\x07\x1b[m\x1b[K]\n'}
[1.161558] (micro_ros_raspberrypicosdk) StderrLine: {'line': b'  152 |       \x1b[01;35m\x1b[K*(cmdPtr++) = (this->spiConfig.cmds[RADIOLIB_MODULE_SPI_COMMAND_WRITE] >> 8*i) & 0xFF\x1b[m\x1b[K;\n'}
[1.161678] (micro_ros_raspberrypicosdk) StderrLine: {'line': b'      |       \x1b[01;35m\x1b[K~~~~~~~~~~~~^~~~~~~~~~~~~~~~~~~~~~~~~~~~~~~~~~~~~~~~~~~~~~~~~~~~~~~~~~~~~~~~~~~~~~~~~\x1b[m\x1b[K\n'}
[1.161807] (micro_ros_raspberrypicosdk) StderrLine: {'line': b"\x1b[01m\x1b[K/home/ryanjeronimus/github/pico_comms/RadioLib/src/Module.cpp:149:13:\x1b[m\x1b[K \x1b[01;36m\x1b[Knote: \x1b[m\x1b[Kat offset 7 into destination object '\x1b[01m\x1b[Kcmd\x1b[m\x1b[K' of size 6\n"}
[1.161926] (micro_ros_raspberrypicosdk) StderrLine: {'line': b'  149 |     uint8_t \x1b[01;36m\x1b[Kcmd\x1b[m\x1b[K[6];\n'}
[1.162040] (micro_ros_raspberrypicosdk) StderrLine: {'line': b'      |             \x1b[01;36m\x1b[K^~~\x1b[m\x1b[K\n'}
[1.162150] (micro_ros_raspberrypicosdk) StderrLine: {'line': b'\x1b[01m\x1b[K/home/ryanjeronimus/github/pico_comms/RadioLib/src/Module.cpp:152:19:\x1b[m\x1b[K \x1b[01;35m\x1b[Kwarning: \x1b[m\x1b[Kwriting 1 byte into a region of size 0 [\x1b[01;35m\x1b[K\x1b]8;;https://gcc.gnu.org/onlinedocs/gcc-14.2.0/gcc/Warning-Options.html#index-Wno-stringop-overflow\x07-Wstringop-overflow=\x1b]8;;\x07\x1b[m\x1b[K]\n'}
[1.162259] (micro_ros_raspberrypicosdk) StderrLine: {'line': b'  152 |       \x1b[01;35m\x1b[K*(cmdPtr++) = (this->spiConfig.cmds[RADIOLIB_MODULE_SPI_COMMAND_WRITE] >> 8*i) & 0xFF\x1b[m\x1b[K;\n'}
[1.162367] (micro_ros_raspberrypicosdk) StderrLine: {'line': b'      |       \x1b[01;35m\x1b[K~~~~~~~~~~~~^~~~~~~~~~~~~~~~~~~~~~~~~~~~~~~~~~~~~~~~~~~~~~~~~~~~~~~~~~~~~~~~~~~~~~~~~\x1b[m\x1b[K\n'}
[1.162490] (micro_ros_raspberrypicosdk) StderrLine: {'line': b"\x1b[01m\x1b[K/home/ryanjeronimus/github/pico_comms/RadioLib/src/Module.cpp:149:13:\x1b[m\x1b[K \x1b[01;36m\x1b[Knote: \x1b[m\x1b[Kat offset 8 into destination object '\x1b[01m\x1b[Kcmd\x1b[m\x1b[K' of size 6\n"}
[1.162613] (micro_ros_raspberrypicosdk) StderrLine: {'line': b'  149 |     uint8_t \x1b[01;36m\x1b[Kcmd\x1b[m\x1b[K[6];\n'}
[1.162728] (micro_ros_raspberrypicosdk) StderrLine: {'line': b'      |             \x1b[01;36m\x1b[K^~~\x1b[m\x1b[K\n'}
[1.162842] (micro_ros_raspberrypicosdk) StderrLine: {'line': b'\x1b[01m\x1b[K/home/ryanjeronimus/github/pico_comms/RadioLib/src/Module.cpp:152:19:\x1b[m\x1b[K \x1b[01;35m\x1b[Kwarning: \x1b[m\x1b[Kwriting 1 byte into a region of size 0 [\x1b[01;35m\x1b[K\x1b]8;;https://gcc.gnu.org/onlinedocs/gcc-14.2.0/gcc/Warning-Options.html#index-Wno-stringop-overflow\x07-Wstringop-overflow=\x1b]8;;\x07\x1b[m\x1b[K]\n'}
[1.162962] (micro_ros_raspberrypicosdk) StderrLine: {'line': b'  152 |       \x1b[01;35m\x1b[K*(cmdPtr++) = (this->spiConfig.cmds[RADIOLIB_MODULE_SPI_COMMAND_WRITE] >> 8*i) & 0xFF\x1b[m\x1b[K;\n'}
[1.163076] (micro_ros_raspberrypicosdk) StderrLine: {'line': b'      |       \x1b[01;35m\x1b[K~~~~~~~~~~~~^~~~~~~~~~~~~~~~~~~~~~~~~~~~~~~~~~~~~~~~~~~~~~~~~~~~~~~~~~~~~~~~~~~~~~~~~\x1b[m\x1b[K\n'}
[1.163174] (micro_ros_raspberrypicosdk) StderrLine: {'line': b"\x1b[01m\x1b[K/home/ryanjeronimus/github/pico_comms/RadioLib/src/Module.cpp:149:13:\x1b[m\x1b[K \x1b[01;36m\x1b[Knote: \x1b[m\x1b[Kat offset 9 into destination object '\x1b[01m\x1b[Kcmd\x1b[m\x1b[K' of size 6\n"}
[1.163272] (micro_ros_raspberrypicosdk) StderrLine: {'line': b'  149 |     uint8_t \x1b[01;36m\x1b[Kcmd\x1b[m\x1b[K[6];\n'}
[1.166623] (micro_ros_raspberrypicosdk) StderrLine: {'line': b'      |             \x1b[01;36m\x1b[K^~~\x1b[m\x1b[K\n'}
[1.166809] (micro_ros_raspberrypicosdk) StderrLine: {'line': b'\x1b[01m\x1b[K/home/ryanjeronimus/github/pico_comms/RadioLib/src/Module.cpp:152:19:\x1b[m\x1b[K \x1b[01;35m\x1b[Kwarning: \x1b[m\x1b[Kwriting 1 byte into a region of size 0 [\x1b[01;35m\x1b[K\x1b]8;;https://gcc.gnu.org/onlinedocs/gcc-14.2.0/gcc/Warning-Options.html#index-Wno-stringop-overflow\x07-Wstringop-overflow=\x1b]8;;\x07\x1b[m\x1b[K]\n'}
[1.166969] (micro_ros_raspberrypicosdk) StderrLine: {'line': b'  152 |       \x1b[01;35m\x1b[K*(cmdPtr++) = (this->spiConfig.cmds[RADIOLIB_MODULE_SPI_COMMAND_WRITE] >> 8*i) & 0xFF\x1b[m\x1b[K;\n'}
[1.167103] (micro_ros_raspberrypicosdk) StderrLine: {'line': b'      |       \x1b[01;35m\x1b[K~~~~~~~~~~~~^~~~~~~~~~~~~~~~~~~~~~~~~~~~~~~~~~~~~~~~~~~~~~~~~~~~~~~~~~~~~~~~~~~~~~~~~\x1b[m\x1b[K\n'}
[1.167241] (micro_ros_raspberrypicosdk) StderrLine: {'line': b"\x1b[01m\x1b[K/home/ryanjeronimus/github/pico_comms/RadioLib/src/Module.cpp:149:13:\x1b[m\x1b[K \x1b[01;36m\x1b[Knote: \x1b[m\x1b[Kat offset 10 into destination object '\x1b[01m\x1b[Kcmd\x1b[m\x1b[K' of size 6\n"}
[1.167387] (micro_ros_raspberrypicosdk) StderrLine: {'line': b'  149 |     uint8_t \x1b[01;36m\x1b[Kcmd\x1b[m\x1b[K[6];\n'}
[1.167496] (micro_ros_raspberrypicosdk) StderrLine: {'line': b'      |             \x1b[01;36m\x1b[K^~~\x1b[m\x1b[K\n'}
[1.167599] (micro_ros_raspberrypicosdk) StderrLine: {'line': b'\x1b[01m\x1b[K/home/ryanjeronimus/github/pico_comms/RadioLib/src/Module.cpp:152:19:\x1b[m\x1b[K \x1b[01;35m\x1b[Kwarning: \x1b[m\x1b[Kwriting 1 byte into a region of size 0 [\x1b[01;35m\x1b[K\x1b]8;;https://gcc.gnu.org/onlinedocs/gcc-14.2.0/gcc/Warning-Options.html#index-Wno-stringop-overflow\x07-Wstringop-overflow=\x1b]8;;\x07\x1b[m\x1b[K]\n'}
[1.167721] (micro_ros_raspberrypicosdk) StderrLine: {'line': b'  152 |       \x1b[01;35m\x1b[K*(cmdPtr++) = (this->spiConfig.cmds[RADIOLIB_MODULE_SPI_COMMAND_WRITE] >> 8*i) & 0xFF\x1b[m\x1b[K;\n'}
[1.167851] (micro_ros_raspberrypicosdk) StderrLine: {'line': b'      |       \x1b[01;35m\x1b[K~~~~~~~~~~~~^~~~~~~~~~~~~~~~~~~~~~~~~~~~~~~~~~~~~~~~~~~~~~~~~~~~~~~~~~~~~~~~~~~~~~~~~\x1b[m\x1b[K\n'}
[1.167974] (micro_ros_raspberrypicosdk) StderrLine: {'line': b"\x1b[01m\x1b[K/home/ryanjeronimus/github/pico_comms/RadioLib/src/Module.cpp:149:13:\x1b[m\x1b[K \x1b[01;36m\x1b[Knote: \x1b[m\x1b[Kat offset 11 into destination object '\x1b[01m\x1b[Kcmd\x1b[m\x1b[K' of size 6\n"}
[1.168090] (micro_ros_raspberrypicosdk) StderrLine: {'line': b'  149 |     uint8_t \x1b[01;36m\x1b[Kcmd\x1b[m\x1b[K[6];\n'}
[1.168202] (micro_ros_raspberrypicosdk) StderrLine: {'line': b'      |             \x1b[01;36m\x1b[K^~~\x1b[m\x1b[K\n'}
[1.168324] (micro_ros_raspberrypicosdk) StderrLine: {'line': b'\x1b[01m\x1b[K/home/ryanjeronimus/github/pico_comms/RadioLib/src/Module.cpp:152:19:\x1b[m\x1b[K \x1b[01;35m\x1b[Kwarning: \x1b[m\x1b[Kwriting 1 byte into a region of size 0 [\x1b[01;35m\x1b[K\x1b]8;;https://gcc.gnu.org/onlinedocs/gcc-14.2.0/gcc/Warning-Options.html#index-Wno-stringop-overflow\x07-Wstringop-overflow=\x1b]8;;\x07\x1b[m\x1b[K]\n'}
[1.168439] (micro_ros_raspberrypicosdk) StderrLine: {'line': b'  152 |       \x1b[01;35m\x1b[K*(cmdPtr++) = (this->spiConfig.cmds[RADIOLIB_MODULE_SPI_COMMAND_WRITE] >> 8*i) & 0xFF\x1b[m\x1b[K;\n'}
[1.168546] (micro_ros_raspberrypicosdk) StderrLine: {'line': b'      |       \x1b[01;35m\x1b[K~~~~~~~~~~~~^~~~~~~~~~~~~~~~~~~~~~~~~~~~~~~~~~~~~~~~~~~~~~~~~~~~~~~~~~~~~~~~~~~~~~~~~\x1b[m\x1b[K\n'}
[1.168666] (micro_ros_raspberrypicosdk) StderrLine: {'line': b"\x1b[01m\x1b[K/home/ryanjeronimus/github/pico_comms/RadioLib/src/Module.cpp:149:13:\x1b[m\x1b[K \x1b[01;36m\x1b[Knote: \x1b[m\x1b[Kat offset 12 into destination object '\x1b[01m\x1b[Kcmd\x1b[m\x1b[K' of size 6\n"}
[1.168803] (micro_ros_raspberrypicosdk) StderrLine: {'line': b'  149 |     uint8_t \x1b[01;36m\x1b[Kcmd\x1b[m\x1b[K[6];\n'}
[1.168926] (micro_ros_raspberrypicosdk) StderrLine: {'line': b'      |             \x1b[01;36m\x1b[K^~~\x1b[m\x1b[K\n'}
[1.169045] (micro_ros_raspberrypicosdk) StderrLine: {'line': b'\x1b[01m\x1b[K/home/ryanjeronimus/github/pico_comms/RadioLib/src/Module.cpp:152:19:\x1b[m\x1b[K \x1b[01;35m\x1b[Kwarning: \x1b[m\x1b[Kwriting 1 byte into a region of size 0 [\x1b[01;35m\x1b[K\x1b]8;;https://gcc.gnu.org/onlinedocs/gcc-14.2.0/gcc/Warning-Options.html#index-Wno-stringop-overflow\x07-Wstringop-overflow=\x1b]8;;\x07\x1b[m\x1b[K]\n'}
[1.169166] (micro_ros_raspberrypicosdk) StderrLine: {'line': b'  152 |       \x1b[01;35m\x1b[K*(cmdPtr++) = (this->spiConfig.cmds[RADIOLIB_MODULE_SPI_COMMAND_WRITE] >> 8*i) & 0xFF\x1b[m\x1b[K;\n'}
[1.169279] (micro_ros_raspberrypicosdk) StderrLine: {'line': b'      |       \x1b[01;35m\x1b[K~~~~~~~~~~~~^~~~~~~~~~~~~~~~~~~~~~~~~~~~~~~~~~~~~~~~~~~~~~~~~~~~~~~~~~~~~~~~~~~~~~~~~\x1b[m\x1b[K\n'}
[1.172597] (micro_ros_raspberrypicosdk) StderrLine: {'line': b"\x1b[01m\x1b[K/home/ryanjeronimus/github/pico_comms/RadioLib/src/Module.cpp:149:13:\x1b[m\x1b[K \x1b[01;36m\x1b[Knote: \x1b[m\x1b[Kat offset 13 into destination object '\x1b[01m\x1b[Kcmd\x1b[m\x1b[K' of size 6\n"}
[1.172810] (micro_ros_raspberrypicosdk) StderrLine: {'line': b'  149 |     uint8_t \x1b[01;36m\x1b[Kcmd\x1b[m\x1b[K[6];\n'}
[1.172952] (micro_ros_raspberrypicosdk) StderrLine: {'line': b'      |             \x1b[01;36m\x1b[K^~~\x1b[m\x1b[K\n'}
[1.173063] (micro_ros_raspberrypicosdk) StderrLine: {'line': b'\x1b[01m\x1b[K/home/ryanjeronimus/github/pico_comms/RadioLib/src/Module.cpp:152:19:\x1b[m\x1b[K \x1b[01;35m\x1b[Kwarning: \x1b[m\x1b[Kwriting 1 byte into a region of size 0 [\x1b[01;35m\x1b[K\x1b]8;;https://gcc.gnu.org/onlinedocs/gcc-14.2.0/gcc/Warning-Options.html#index-Wno-stringop-overflow\x07-Wstringop-overflow=\x1b]8;;\x07\x1b[m\x1b[K]\n'}
[1.173170] (micro_ros_raspberrypicosdk) StderrLine: {'line': b'  152 |       \x1b[01;35m\x1b[K*(cmdPtr++) = (this->spiConfig.cmds[RADIOLIB_MODULE_SPI_COMMAND_WRITE] >> 8*i) & 0xFF\x1b[m\x1b[K;\n'}
[1.173275] (micro_ros_raspberrypicosdk) StderrLine: {'line': b'      |       \x1b[01;35m\x1b[K~~~~~~~~~~~~^~~~~~~~~~~~~~~~~~~~~~~~~~~~~~~~~~~~~~~~~~~~~~~~~~~~~~~~~~~~~~~~~~~~~~~~~\x1b[m\x1b[K\n'}
[1.173421] (micro_ros_raspberrypicosdk) StderrLine: {'line': b"\x1b[01m\x1b[K/home/ryanjeronimus/github/pico_comms/RadioLib/src/Module.cpp:149:13:\x1b[m\x1b[K \x1b[01;36m\x1b[Knote: \x1b[m\x1b[Kat offset 14 into destination object '\x1b[01m\x1b[Kcmd\x1b[m\x1b[K' of size 6\n"}
[1.173545] (micro_ros_raspberrypicosdk) StderrLine: {'line': b'  149 |     uint8_t \x1b[01;36m\x1b[Kcmd\x1b[m\x1b[K[6];\n'}
[1.173664] (micro_ros_raspberrypicosdk) StderrLine: {'line': b'      |             \x1b[01;36m\x1b[K^~~\x1b[m\x1b[K\n'}
[1.173780] (micro_ros_raspberrypicosdk) StdoutLine: {'line': b'[ 18%] \x1b[32mBuilding CXX object RadioLib/CMakeFiles/RadioLib.dir/src/modules/SX127x/SX1272.cpp.o\x1b[0m\n'}
[1.202400] (-) TimerEvent: {}
[1.205667] (micro_ros_raspberrypicosdk) StderrLine: {'line': b"\x1b[01m\x1b[K/home/ryanjeronimus/github/pico_comms/RadioLib/src/Module.cpp:\x1b[m\x1b[K In member function '\x1b[01m\x1b[Kvoid Module::\x1b[01;32m\x1b[KSPIwriteRegister\x1b[m\x1b[K(uint32_t, uint8_t)\x1b[m\x1b[K':\n"}
[1.206052] (micro_ros_raspberrypicosdk) StderrLine: {'line': b'\x1b[01m\x1b[K/home/ryanjeronimus/github/pico_comms/RadioLib/src/Module.cpp:168:19:\x1b[m\x1b[K \x1b[01;35m\x1b[Kwarning: \x1b[m\x1b[Kwriting 1 byte into a region of size 0 [\x1b[01;35m\x1b[K\x1b]8;;https://gcc.gnu.org/onlinedocs/gcc-14.2.0/gcc/Warning-Options.html#index-Wno-stringop-overflow\x07-Wstringop-overflow=\x1b]8;;\x07\x1b[m\x1b[K]\n'}
[1.206222] (micro_ros_raspberrypicosdk) StderrLine: {'line': b'  168 |       \x1b[01;35m\x1b[K*(cmdPtr++) = (this->spiConfig.cmds[RADIOLIB_MODULE_SPI_COMMAND_WRITE] >> 8*i) & 0xFF\x1b[m\x1b[K;\n'}
[1.206390] (micro_ros_raspberrypicosdk) StderrLine: {'line': b'      |       \x1b[01;35m\x1b[K~~~~~~~~~~~~^~~~~~~~~~~~~~~~~~~~~~~~~~~~~~~~~~~~~~~~~~~~~~~~~~~~~~~~~~~~~~~~~~~~~~~~~\x1b[m\x1b[K\n'}
[1.206529] (micro_ros_raspberrypicosdk) StderrLine: {'line': b"\x1b[01m\x1b[K/home/ryanjeronimus/github/pico_comms/RadioLib/src/Module.cpp:165:13:\x1b[m\x1b[K \x1b[01;36m\x1b[Knote: \x1b[m\x1b[Kat offset 6 into destination object '\x1b[01m\x1b[Kcmd\x1b[m\x1b[K' of size 6\n"}
[1.206648] (micro_ros_raspberrypicosdk) StderrLine: {'line': b'  165 |     uint8_t \x1b[01;36m\x1b[Kcmd\x1b[m\x1b[K[6];\n'}
[1.206765] (micro_ros_raspberrypicosdk) StderrLine: {'line': b'      |             \x1b[01;36m\x1b[K^~~\x1b[m\x1b[K\n'}
[1.206875] (micro_ros_raspberrypicosdk) StderrLine: {'line': b'\x1b[01m\x1b[K/home/ryanjeronimus/github/pico_comms/RadioLib/src/Module.cpp:168:19:\x1b[m\x1b[K \x1b[01;35m\x1b[Kwarning: \x1b[m\x1b[Kwriting 1 byte into a region of size 0 [\x1b[01;35m\x1b[K\x1b]8;;https://gcc.gnu.org/onlinedocs/gcc-14.2.0/gcc/Warning-Options.html#index-Wno-stringop-overflow\x07-Wstringop-overflow=\x1b]8;;\x07\x1b[m\x1b[K]\n'}
[1.206988] (micro_ros_raspberrypicosdk) StderrLine: {'line': b'  168 |       \x1b[01;35m\x1b[K*(cmdPtr++) = (this->spiConfig.cmds[RADIOLIB_MODULE_SPI_COMMAND_WRITE] >> 8*i) & 0xFF\x1b[m\x1b[K;\n'}
[1.207132] (micro_ros_raspberrypicosdk) StderrLine: {'line': b'      |       \x1b[01;35m\x1b[K~~~~~~~~~~~~^~~~~~~~~~~~~~~~~~~~~~~~~~~~~~~~~~~~~~~~~~~~~~~~~~~~~~~~~~~~~~~~~~~~~~~~~\x1b[m\x1b[K\n'}
[1.207237] (micro_ros_raspberrypicosdk) StderrLine: {'line': b"\x1b[01m\x1b[K/home/ryanjeronimus/github/pico_comms/RadioLib/src/Module.cpp:165:13:\x1b[m\x1b[K \x1b[01;36m\x1b[Knote: \x1b[m\x1b[Kat offset 7 into destination object '\x1b[01m\x1b[Kcmd\x1b[m\x1b[K' of size 6\n"}
[1.207355] (micro_ros_raspberrypicosdk) StderrLine: {'line': b'  165 |     uint8_t \x1b[01;36m\x1b[Kcmd\x1b[m\x1b[K[6];\n'}
[1.207453] (micro_ros_raspberrypicosdk) StderrLine: {'line': b'      |             \x1b[01;36m\x1b[K^~~\x1b[m\x1b[K\n'}
[1.207547] (micro_ros_raspberrypicosdk) StderrLine: {'line': b'\x1b[01m\x1b[K/home/ryanjeronimus/github/pico_comms/RadioLib/src/Module.cpp:168:19:\x1b[m\x1b[K \x1b[01;35m\x1b[Kwarning: \x1b[m\x1b[Kwriting 1 byte into a region of size 0 [\x1b[01;35m\x1b[K\x1b]8;;https://gcc.gnu.org/onlinedocs/gcc-14.2.0/gcc/Warning-Options.html#index-Wno-stringop-overflow\x07-Wstringop-overflow=\x1b]8;;\x07\x1b[m\x1b[K]\n'}
[1.207656] (micro_ros_raspberrypicosdk) StderrLine: {'line': b'  168 |       \x1b[01;35m\x1b[K*(cmdPtr++) = (this->spiConfig.cmds[RADIOLIB_MODULE_SPI_COMMAND_WRITE] >> 8*i) & 0xFF\x1b[m\x1b[K;\n'}
[1.207762] (micro_ros_raspberrypicosdk) StderrLine: {'line': b'      |       \x1b[01;35m\x1b[K~~~~~~~~~~~~^~~~~~~~~~~~~~~~~~~~~~~~~~~~~~~~~~~~~~~~~~~~~~~~~~~~~~~~~~~~~~~~~~~~~~~~~\x1b[m\x1b[K\n'}
[1.207866] (micro_ros_raspberrypicosdk) StderrLine: {'line': b"\x1b[01m\x1b[K/home/ryanjeronimus/github/pico_comms/RadioLib/src/Module.cpp:165:13:\x1b[m\x1b[K \x1b[01;36m\x1b[Knote: \x1b[m\x1b[Kat offset 8 into destination object '\x1b[01m\x1b[Kcmd\x1b[m\x1b[K' of size 6\n"}
[1.207970] (micro_ros_raspberrypicosdk) StderrLine: {'line': b'  165 |     uint8_t \x1b[01;36m\x1b[Kcmd\x1b[m\x1b[K[6];\n'}
[1.208076] (micro_ros_raspberrypicosdk) StderrLine: {'line': b'      |             \x1b[01;36m\x1b[K^~~\x1b[m\x1b[K\n'}
[1.208180] (micro_ros_raspberrypicosdk) StderrLine: {'line': b'\x1b[01m\x1b[K/home/ryanjeronimus/github/pico_comms/RadioLib/src/Module.cpp:168:19:\x1b[m\x1b[K \x1b[01;35m\x1b[Kwarning: \x1b[m\x1b[Kwriting 1 byte into a region of size 0 [\x1b[01;35m\x1b[K\x1b]8;;https://gcc.gnu.org/onlinedocs/gcc-14.2.0/gcc/Warning-Options.html#index-Wno-stringop-overflow\x07-Wstringop-overflow=\x1b]8;;\x07\x1b[m\x1b[K]\n'}
[1.208289] (micro_ros_raspberrypicosdk) StderrLine: {'line': b'  168 |       \x1b[01;35m\x1b[K*(cmdPtr++) = (this->spiConfig.cmds[RADIOLIB_MODULE_SPI_COMMAND_WRITE] >> 8*i) & 0xFF\x1b[m\x1b[K;\n'}
[1.208421] (micro_ros_raspberrypicosdk) StderrLine: {'line': b'      |       \x1b[01;35m\x1b[K~~~~~~~~~~~~^~~~~~~~~~~~~~~~~~~~~~~~~~~~~~~~~~~~~~~~~~~~~~~~~~~~~~~~~~~~~~~~~~~~~~~~~\x1b[m\x1b[K\n'}
[1.211386] (micro_ros_raspberrypicosdk) StderrLine: {'line': b"\x1b[01m\x1b[K/home/ryanjeronimus/github/pico_comms/RadioLib/src/Module.cpp:165:13:\x1b[m\x1b[K \x1b[01;36m\x1b[Knote: \x1b[m\x1b[Kat offset 9 into destination object '\x1b[01m\x1b[Kcmd\x1b[m\x1b[K' of size 6\n"}
[1.211685] (micro_ros_raspberrypicosdk) StderrLine: {'line': b'  165 |     uint8_t \x1b[01;36m\x1b[Kcmd\x1b[m\x1b[K[6];\n'}
[1.211845] (micro_ros_raspberrypicosdk) StderrLine: {'line': b'      |             \x1b[01;36m\x1b[K^~~\x1b[m\x1b[K\n'}
[1.211972] (micro_ros_raspberrypicosdk) StderrLine: {'line': b'\x1b[01m\x1b[K/home/ryanjeronimus/github/pico_comms/RadioLib/src/Module.cpp:168:19:\x1b[m\x1b[K \x1b[01;35m\x1b[Kwarning: \x1b[m\x1b[Kwriting 1 byte into a region of size 0 [\x1b[01;35m\x1b[K\x1b]8;;https://gcc.gnu.org/onlinedocs/gcc-14.2.0/gcc/Warning-Options.html#index-Wno-stringop-overflow\x07-Wstringop-overflow=\x1b]8;;\x07\x1b[m\x1b[K]\n'}
[1.212105] (micro_ros_raspberrypicosdk) StderrLine: {'line': b'  168 |       \x1b[01;35m\x1b[K*(cmdPtr++) = (this->spiConfig.cmds[RADIOLIB_MODULE_SPI_COMMAND_WRITE] >> 8*i) & 0xFF\x1b[m\x1b[K;\n'}
[1.212224] (micro_ros_raspberrypicosdk) StderrLine: {'line': b'      |       \x1b[01;35m\x1b[K~~~~~~~~~~~~^~~~~~~~~~~~~~~~~~~~~~~~~~~~~~~~~~~~~~~~~~~~~~~~~~~~~~~~~~~~~~~~~~~~~~~~~\x1b[m\x1b[K\n'}
[1.214495] (micro_ros_raspberrypicosdk) StderrLine: {'line': b"\x1b[01m\x1b[K/home/ryanjeronimus/github/pico_comms/RadioLib/src/Module.cpp:165:13:\x1b[m\x1b[K \x1b[01;36m\x1b[Knote: \x1b[m\x1b[Kat offset 10 into destination object '\x1b[01m\x1b[Kcmd\x1b[m\x1b[K' of size 6\n"}
[1.214651] (micro_ros_raspberrypicosdk) StderrLine: {'line': b'  165 |     uint8_t \x1b[01;36m\x1b[Kcmd\x1b[m\x1b[K[6];\n'}
[1.214778] (micro_ros_raspberrypicosdk) StderrLine: {'line': b'      |             \x1b[01;36m\x1b[K^~~\x1b[m\x1b[K\n'}
[1.214912] (micro_ros_raspberrypicosdk) StderrLine: {'line': b'\x1b[01m\x1b[K/home/ryanjeronimus/github/pico_comms/RadioLib/src/Module.cpp:168:19:\x1b[m\x1b[K \x1b[01;35m\x1b[Kwarning: \x1b[m\x1b[Kwriting 1 byte into a region of size 0 [\x1b[01;35m\x1b[K\x1b]8;;https://gcc.gnu.org/onlinedocs/gcc-14.2.0/gcc/Warning-Options.html#index-Wno-stringop-overflow\x07-Wstringop-overflow=\x1b]8;;\x07\x1b[m\x1b[K]\n'}
[1.215044] (micro_ros_raspberrypicosdk) StderrLine: {'line': b'  168 |       \x1b[01;35m\x1b[K*(cmdPtr++) = (this->spiConfig.cmds[RADIOLIB_MODULE_SPI_COMMAND_WRITE] >> 8*i) & 0xFF\x1b[m\x1b[K;\n'}
[1.215168] (micro_ros_raspberrypicosdk) StderrLine: {'line': b'      |       \x1b[01;35m\x1b[K~~~~~~~~~~~~^~~~~~~~~~~~~~~~~~~~~~~~~~~~~~~~~~~~~~~~~~~~~~~~~~~~~~~~~~~~~~~~~~~~~~~~~\x1b[m\x1b[K\n'}
[1.215278] (micro_ros_raspberrypicosdk) StderrLine: {'line': b"\x1b[01m\x1b[K/home/ryanjeronimus/github/pico_comms/RadioLib/src/Module.cpp:165:13:\x1b[m\x1b[K \x1b[01;36m\x1b[Knote: \x1b[m\x1b[Kat offset 11 into destination object '\x1b[01m\x1b[Kcmd\x1b[m\x1b[K' of size 6\n"}
[1.215408] (micro_ros_raspberrypicosdk) StderrLine: {'line': b'  165 |     uint8_t \x1b[01;36m\x1b[Kcmd\x1b[m\x1b[K[6];\n'}
[1.215511] (micro_ros_raspberrypicosdk) StderrLine: {'line': b'      |             \x1b[01;36m\x1b[K^~~\x1b[m\x1b[K\n'}
[1.215595] (micro_ros_raspberrypicosdk) StderrLine: {'line': b'\x1b[01m\x1b[K/home/ryanjeronimus/github/pico_comms/RadioLib/src/Module.cpp:168:19:\x1b[m\x1b[K \x1b[01;35m\x1b[Kwarning: \x1b[m\x1b[Kwriting 1 byte into a region of size 0 [\x1b[01;35m\x1b[K\x1b]8;;https://gcc.gnu.org/onlinedocs/gcc-14.2.0/gcc/Warning-Options.html#index-Wno-stringop-overflow\x07-Wstringop-overflow=\x1b]8;;\x07\x1b[m\x1b[K]\n'}
[1.215671] (micro_ros_raspberrypicosdk) StderrLine: {'line': b'  168 |       \x1b[01;35m\x1b[K*(cmdPtr++) = (this->spiConfig.cmds[RADIOLIB_MODULE_SPI_COMMAND_WRITE] >> 8*i) & 0xFF\x1b[m\x1b[K;\n'}
[1.215736] (micro_ros_raspberrypicosdk) StderrLine: {'line': b'      |       \x1b[01;35m\x1b[K~~~~~~~~~~~~^~~~~~~~~~~~~~~~~~~~~~~~~~~~~~~~~~~~~~~~~~~~~~~~~~~~~~~~~~~~~~~~~~~~~~~~~\x1b[m\x1b[K\n'}
[1.215828] (micro_ros_raspberrypicosdk) StderrLine: {'line': b"\x1b[01m\x1b[K/home/ryanjeronimus/github/pico_comms/RadioLib/src/Module.cpp:165:13:\x1b[m\x1b[K \x1b[01;36m\x1b[Knote: \x1b[m\x1b[Kat offset 12 into destination object '\x1b[01m\x1b[Kcmd\x1b[m\x1b[K' of size 6\n"}
[1.215900] (micro_ros_raspberrypicosdk) StderrLine: {'line': b'  165 |     uint8_t \x1b[01;36m\x1b[Kcmd\x1b[m\x1b[K[6];\n'}
[1.215970] (micro_ros_raspberrypicosdk) StderrLine: {'line': b'      |             \x1b[01;36m\x1b[K^~~\x1b[m\x1b[K\n'}
[1.216044] (micro_ros_raspberrypicosdk) StderrLine: {'line': b'\x1b[01m\x1b[K/home/ryanjeronimus/github/pico_comms/RadioLib/src/Module.cpp:168:19:\x1b[m\x1b[K \x1b[01;35m\x1b[Kwarning: \x1b[m\x1b[Kwriting 1 byte into a region of size 0 [\x1b[01;35m\x1b[K\x1b]8;;https://gcc.gnu.org/onlinedocs/gcc-14.2.0/gcc/Warning-Options.html#index-Wno-stringop-overflow\x07-Wstringop-overflow=\x1b]8;;\x07\x1b[m\x1b[K]\n'}
[1.216135] (micro_ros_raspberrypicosdk) StderrLine: {'line': b'  168 |       \x1b[01;35m\x1b[K*(cmdPtr++) = (this->spiConfig.cmds[RADIOLIB_MODULE_SPI_COMMAND_WRITE] >> 8*i) & 0xFF\x1b[m\x1b[K;\n'}
[1.216216] (micro_ros_raspberrypicosdk) StderrLine: {'line': b'      |       \x1b[01;35m\x1b[K~~~~~~~~~~~~^~~~~~~~~~~~~~~~~~~~~~~~~~~~~~~~~~~~~~~~~~~~~~~~~~~~~~~~~~~~~~~~~~~~~~~~~\x1b[m\x1b[K\n'}
[1.216307] (micro_ros_raspberrypicosdk) StderrLine: {'line': b"\x1b[01m\x1b[K/home/ryanjeronimus/github/pico_comms/RadioLib/src/Module.cpp:165:13:\x1b[m\x1b[K \x1b[01;36m\x1b[Knote: \x1b[m\x1b[Kat offset 13 into destination object '\x1b[01m\x1b[Kcmd\x1b[m\x1b[K' of size 6\n"}
[1.216439] (micro_ros_raspberrypicosdk) StderrLine: {'line': b'  165 |     uint8_t \x1b[01;36m\x1b[Kcmd\x1b[m\x1b[K[6];\n'}
[1.216529] (micro_ros_raspberrypicosdk) StderrLine: {'line': b'      |             \x1b[01;36m\x1b[K^~~\x1b[m\x1b[K\n'}
[1.216630] (micro_ros_raspberrypicosdk) StderrLine: {'line': b'\x1b[01m\x1b[K/home/ryanjeronimus/github/pico_comms/RadioLib/src/Module.cpp:168:19:\x1b[m\x1b[K \x1b[01;35m\x1b[Kwarning: \x1b[m\x1b[Kwriting 1 byte into a region of size 0 [\x1b[01;35m\x1b[K\x1b]8;;https://gcc.gnu.org/onlinedocs/gcc-14.2.0/gcc/Warning-Options.html#index-Wno-stringop-overflow\x07-Wstringop-overflow=\x1b]8;;\x07\x1b[m\x1b[K]\n'}
[1.216741] (micro_ros_raspberrypicosdk) StderrLine: {'line': b'  168 |       \x1b[01;35m\x1b[K*(cmdPtr++) = (this->spiConfig.cmds[RADIOLIB_MODULE_SPI_COMMAND_WRITE] >> 8*i) & 0xFF\x1b[m\x1b[K;\n'}
[1.216841] (micro_ros_raspberrypicosdk) StderrLine: {'line': b'      |       \x1b[01;35m\x1b[K~~~~~~~~~~~~^~~~~~~~~~~~~~~~~~~~~~~~~~~~~~~~~~~~~~~~~~~~~~~~~~~~~~~~~~~~~~~~~~~~~~~~~\x1b[m\x1b[K\n'}
[1.216944] (micro_ros_raspberrypicosdk) StderrLine: {'line': b"\x1b[01m\x1b[K/home/ryanjeronimus/github/pico_comms/RadioLib/src/Module.cpp:165:13:\x1b[m\x1b[K \x1b[01;36m\x1b[Knote: \x1b[m\x1b[Kat offset 14 into destination object '\x1b[01m\x1b[Kcmd\x1b[m\x1b[K' of size 6\n"}
[1.217048] (micro_ros_raspberrypicosdk) StderrLine: {'line': b'  165 |     uint8_t \x1b[01;36m\x1b[Kcmd\x1b[m\x1b[K[6];\n'}
[1.217162] (micro_ros_raspberrypicosdk) StderrLine: {'line': b'      |             \x1b[01;36m\x1b[K^~~\x1b[m\x1b[K\n'}
[1.257369] (micro_ros_raspberrypicosdk) StderrLine: {'line': b"\x1b[01m\x1b[K/home/ryanjeronimus/github/pico_comms/RadioLib/src/Module.cpp:\x1b[m\x1b[K In member function '\x1b[01m\x1b[Kint16_t Module::\x1b[01;32m\x1b[KSPIcheckStream\x1b[m\x1b[K()\x1b[m\x1b[K':\n"}
[1.257649] (micro_ros_raspberrypicosdk) StderrLine: {'line': b'\x1b[01m\x1b[K/home/ryanjeronimus/github/pico_comms/RadioLib/src/Module.cpp:304:17:\x1b[m\x1b[K \x1b[01;35m\x1b[Kwarning: \x1b[m\x1b[Kwriting 1 byte into a region of size 0 [\x1b[01;35m\x1b[K\x1b]8;;https://gcc.gnu.org/onlinedocs/gcc-14.2.0/gcc/Warning-Options.html#index-Wno-stringop-overflow\x07-Wstringop-overflow=\x1b]8;;\x07\x1b[m\x1b[K]\n'}
[1.257799] (micro_ros_raspberrypicosdk) StderrLine: {'line': b'  304 |     \x1b[01;35m\x1b[K*(cmdPtr++) = ( this->spiConfig.cmds[RADIOLIB_MODULE_SPI_COMMAND_STATUS] >> 8*i) & 0xFF\x1b[m\x1b[K;\n'}
[1.257908] (micro_ros_raspberrypicosdk) StderrLine: {'line': b'      |     \x1b[01;35m\x1b[K~~~~~~~~~~~~^~~~~~~~~~~~~~~~~~~~~~~~~~~~~~~~~~~~~~~~~~~~~~~~~~~~~~~~~~~~~~~~~~~~~~~~~~~\x1b[m\x1b[K\n'}
[1.257998] (micro_ros_raspberrypicosdk) StderrLine: {'line': b"\x1b[01m\x1b[K/home/ryanjeronimus/github/pico_comms/RadioLib/src/Module.cpp:301:11:\x1b[m\x1b[K \x1b[01;36m\x1b[Knote: \x1b[m\x1b[Kat offset 2 into destination object '\x1b[01m\x1b[KcmdBuf\x1b[m\x1b[K' of size 2\n"}
[1.258088] (micro_ros_raspberrypicosdk) StderrLine: {'line': b'  301 |   uint8_t \x1b[01;36m\x1b[KcmdBuf\x1b[m\x1b[K[2];\n'}
[1.258169] (micro_ros_raspberrypicosdk) StderrLine: {'line': b'      |           \x1b[01;36m\x1b[K^~~~~~\x1b[m\x1b[K\n'}
[1.258244] (micro_ros_raspberrypicosdk) StderrLine: {'line': b'\x1b[01m\x1b[K/home/ryanjeronimus/github/pico_comms/RadioLib/src/Module.cpp:304:17:\x1b[m\x1b[K \x1b[01;35m\x1b[Kwarning: \x1b[m\x1b[Kwriting 1 byte into a region of size 0 [\x1b[01;35m\x1b[K\x1b]8;;https://gcc.gnu.org/onlinedocs/gcc-14.2.0/gcc/Warning-Options.html#index-Wno-stringop-overflow\x07-Wstringop-overflow=\x1b]8;;\x07\x1b[m\x1b[K]\n'}
[1.258374] (micro_ros_raspberrypicosdk) StderrLine: {'line': b'  304 |     \x1b[01;35m\x1b[K*(cmdPtr++) = ( this->spiConfig.cmds[RADIOLIB_MODULE_SPI_COMMAND_STATUS] >> 8*i) & 0xFF\x1b[m\x1b[K;\n'}
[1.258485] (micro_ros_raspberrypicosdk) StderrLine: {'line': b'      |     \x1b[01;35m\x1b[K~~~~~~~~~~~~^~~~~~~~~~~~~~~~~~~~~~~~~~~~~~~~~~~~~~~~~~~~~~~~~~~~~~~~~~~~~~~~~~~~~~~~~~~\x1b[m\x1b[K\n'}
[1.258586] (micro_ros_raspberrypicosdk) StderrLine: {'line': b"\x1b[01m\x1b[K/home/ryanjeronimus/github/pico_comms/RadioLib/src/Module.cpp:301:11:\x1b[m\x1b[K \x1b[01;36m\x1b[Knote: \x1b[m\x1b[Kat offset 3 into destination object '\x1b[01m\x1b[KcmdBuf\x1b[m\x1b[K' of size 2\n"}
[1.258669] (micro_ros_raspberrypicosdk) StderrLine: {'line': b'  301 |   uint8_t \x1b[01;36m\x1b[KcmdBuf\x1b[m\x1b[K[2];\n'}
[1.258748] (micro_ros_raspberrypicosdk) StderrLine: {'line': b'      |           \x1b[01;36m\x1b[K^~~~~~\x1b[m\x1b[K\n'}
[1.258823] (micro_ros_raspberrypicosdk) StderrLine: {'line': b'\x1b[01m\x1b[K/home/ryanjeronimus/github/pico_comms/RadioLib/src/Module.cpp:304:17:\x1b[m\x1b[K \x1b[01;35m\x1b[Kwarning: \x1b[m\x1b[Kwriting 1 byte into a region of size 0 [\x1b[01;35m\x1b[K\x1b]8;;https://gcc.gnu.org/onlinedocs/gcc-14.2.0/gcc/Warning-Options.html#index-Wno-stringop-overflow\x07-Wstringop-overflow=\x1b]8;;\x07\x1b[m\x1b[K]\n'}
[1.258911] (micro_ros_raspberrypicosdk) StderrLine: {'line': b'  304 |     \x1b[01;35m\x1b[K*(cmdPtr++) = ( this->spiConfig.cmds[RADIOLIB_MODULE_SPI_COMMAND_STATUS] >> 8*i) & 0xFF\x1b[m\x1b[K;\n'}
[1.259005] (micro_ros_raspberrypicosdk) StderrLine: {'line': b'      |     \x1b[01;35m\x1b[K~~~~~~~~~~~~^~~~~~~~~~~~~~~~~~~~~~~~~~~~~~~~~~~~~~~~~~~~~~~~~~~~~~~~~~~~~~~~~~~~~~~~~~~\x1b[m\x1b[K\n'}
[1.259126] (micro_ros_raspberrypicosdk) StderrLine: {'line': b"\x1b[01m\x1b[K/home/ryanjeronimus/github/pico_comms/RadioLib/src/Module.cpp:301:11:\x1b[m\x1b[K \x1b[01;36m\x1b[Knote: \x1b[m\x1b[Kat offset 4 into destination object '\x1b[01m\x1b[KcmdBuf\x1b[m\x1b[K' of size 2\n"}
[1.259229] (micro_ros_raspberrypicosdk) StderrLine: {'line': b'  301 |   uint8_t \x1b[01;36m\x1b[KcmdBuf\x1b[m\x1b[K[2];\n'}
[1.259346] (micro_ros_raspberrypicosdk) StderrLine: {'line': b'      |           \x1b[01;36m\x1b[K^~~~~~\x1b[m\x1b[K\n'}
[1.262689] (micro_ros_raspberrypicosdk) StderrLine: {'line': b'\x1b[01m\x1b[K/home/ryanjeronimus/github/pico_comms/RadioLib/src/Module.cpp:304:17:\x1b[m\x1b[K \x1b[01;35m\x1b[Kwarning: \x1b[m\x1b[Kwriting 1 byte into a region of size 0 [\x1b[01;35m\x1b[K\x1b]8;;https://gcc.gnu.org/onlinedocs/gcc-14.2.0/gcc/Warning-Options.html#index-Wno-stringop-overflow\x07-Wstringop-overflow=\x1b]8;;\x07\x1b[m\x1b[K]\n'}
[1.262884] (micro_ros_raspberrypicosdk) StderrLine: {'line': b'  304 |     \x1b[01;35m\x1b[K*(cmdPtr++) = ( this->spiConfig.cmds[RADIOLIB_MODULE_SPI_COMMAND_STATUS] >> 8*i) & 0xFF\x1b[m\x1b[K;\n'}
[1.263032] (micro_ros_raspberrypicosdk) StderrLine: {'line': b'      |     \x1b[01;35m\x1b[K~~~~~~~~~~~~^~~~~~~~~~~~~~~~~~~~~~~~~~~~~~~~~~~~~~~~~~~~~~~~~~~~~~~~~~~~~~~~~~~~~~~~~~~\x1b[m\x1b[K\n'}
[1.263170] (micro_ros_raspberrypicosdk) StderrLine: {'line': b"\x1b[01m\x1b[K/home/ryanjeronimus/github/pico_comms/RadioLib/src/Module.cpp:301:11:\x1b[m\x1b[K \x1b[01;36m\x1b[Knote: \x1b[m\x1b[Kat offset 5 into destination object '\x1b[01m\x1b[KcmdBuf\x1b[m\x1b[K' of size 2\n"}
[1.263304] (micro_ros_raspberrypicosdk) StderrLine: {'line': b'  301 |   uint8_t \x1b[01;36m\x1b[KcmdBuf\x1b[m\x1b[K[2];\n'}
[1.263453] (micro_ros_raspberrypicosdk) StderrLine: {'line': b'      |           \x1b[01;36m\x1b[K^~~~~~\x1b[m\x1b[K\n'}
[1.263556] (micro_ros_raspberrypicosdk) StderrLine: {'line': b'\x1b[01m\x1b[K/home/ryanjeronimus/github/pico_comms/RadioLib/src/Module.cpp:304:17:\x1b[m\x1b[K \x1b[01;35m\x1b[Kwarning: \x1b[m\x1b[Kwriting 1 byte into a region of size 0 [\x1b[01;35m\x1b[K\x1b]8;;https://gcc.gnu.org/onlinedocs/gcc-14.2.0/gcc/Warning-Options.html#index-Wno-stringop-overflow\x07-Wstringop-overflow=\x1b]8;;\x07\x1b[m\x1b[K]\n'}
[1.263662] (micro_ros_raspberrypicosdk) StderrLine: {'line': b'  304 |     \x1b[01;35m\x1b[K*(cmdPtr++) = ( this->spiConfig.cmds[RADIOLIB_MODULE_SPI_COMMAND_STATUS] >> 8*i) & 0xFF\x1b[m\x1b[K;\n'}
[1.263769] (micro_ros_raspberrypicosdk) StderrLine: {'line': b'      |     \x1b[01;35m\x1b[K~~~~~~~~~~~~^~~~~~~~~~~~~~~~~~~~~~~~~~~~~~~~~~~~~~~~~~~~~~~~~~~~~~~~~~~~~~~~~~~~~~~~~~~\x1b[m\x1b[K\n'}
[1.263896] (micro_ros_raspberrypicosdk) StderrLine: {'line': b"\x1b[01m\x1b[K/home/ryanjeronimus/github/pico_comms/RadioLib/src/Module.cpp:301:11:\x1b[m\x1b[K \x1b[01;36m\x1b[Knote: \x1b[m\x1b[Kat offset 6 into destination object '\x1b[01m\x1b[KcmdBuf\x1b[m\x1b[K' of size 2\n"}
[1.263998] (micro_ros_raspberrypicosdk) StderrLine: {'line': b'  301 |   uint8_t \x1b[01;36m\x1b[KcmdBuf\x1b[m\x1b[K[2];\n'}
[1.264092] (micro_ros_raspberrypicosdk) StderrLine: {'line': b'      |           \x1b[01;36m\x1b[K^~~~~~\x1b[m\x1b[K\n'}
[1.264179] (micro_ros_raspberrypicosdk) StderrLine: {'line': b'\x1b[01m\x1b[K/home/ryanjeronimus/github/pico_comms/RadioLib/src/Module.cpp:304:17:\x1b[m\x1b[K \x1b[01;35m\x1b[Kwarning: \x1b[m\x1b[Kwriting 1 byte into a region of size 0 [\x1b[01;35m\x1b[K\x1b]8;;https://gcc.gnu.org/onlinedocs/gcc-14.2.0/gcc/Warning-Options.html#index-Wno-stringop-overflow\x07-Wstringop-overflow=\x1b]8;;\x07\x1b[m\x1b[K]\n'}
[1.264287] (micro_ros_raspberrypicosdk) StderrLine: {'line': b'  304 |     \x1b[01;35m\x1b[K*(cmdPtr++) = ( this->spiConfig.cmds[RADIOLIB_MODULE_SPI_COMMAND_STATUS] >> 8*i) & 0xFF\x1b[m\x1b[K;\n'}
[1.267644] (micro_ros_raspberrypicosdk) StderrLine: {'line': b'      |     \x1b[01;35m\x1b[K~~~~~~~~~~~~^~~~~~~~~~~~~~~~~~~~~~~~~~~~~~~~~~~~~~~~~~~~~~~~~~~~~~~~~~~~~~~~~~~~~~~~~~~\x1b[m\x1b[K\n'}
[1.267824] (micro_ros_raspberrypicosdk) StderrLine: {'line': b"\x1b[01m\x1b[K/home/ryanjeronimus/github/pico_comms/RadioLib/src/Module.cpp:301:11:\x1b[m\x1b[K \x1b[01;36m\x1b[Knote: \x1b[m\x1b[Kat offset 7 into destination object '\x1b[01m\x1b[KcmdBuf\x1b[m\x1b[K' of size 2\n"}
[1.267963] (micro_ros_raspberrypicosdk) StderrLine: {'line': b'  301 |   uint8_t \x1b[01;36m\x1b[KcmdBuf\x1b[m\x1b[K[2];\n'}
[1.268074] (micro_ros_raspberrypicosdk) StderrLine: {'line': b'      |           \x1b[01;36m\x1b[K^~~~~~\x1b[m\x1b[K\n'}
[1.268198] (micro_ros_raspberrypicosdk) StderrLine: {'line': b'\x1b[01m\x1b[K/home/ryanjeronimus/github/pico_comms/RadioLib/src/Module.cpp:304:17:\x1b[m\x1b[K \x1b[01;35m\x1b[Kwarning: \x1b[m\x1b[Kwriting 1 byte into a region of size 0 [\x1b[01;35m\x1b[K\x1b]8;;https://gcc.gnu.org/onlinedocs/gcc-14.2.0/gcc/Warning-Options.html#index-Wno-stringop-overflow\x07-Wstringop-overflow=\x1b]8;;\x07\x1b[m\x1b[K]\n'}
[1.268358] (micro_ros_raspberrypicosdk) StderrLine: {'line': b'  304 |     \x1b[01;35m\x1b[K*(cmdPtr++) = ( this->spiConfig.cmds[RADIOLIB_MODULE_SPI_COMMAND_STATUS] >> 8*i) & 0xFF\x1b[m\x1b[K;\n'}
[1.268489] (micro_ros_raspberrypicosdk) StderrLine: {'line': b'      |     \x1b[01;35m\x1b[K~~~~~~~~~~~~^~~~~~~~~~~~~~~~~~~~~~~~~~~~~~~~~~~~~~~~~~~~~~~~~~~~~~~~~~~~~~~~~~~~~~~~~~~\x1b[m\x1b[K\n'}
[1.268607] (micro_ros_raspberrypicosdk) StderrLine: {'line': b"\x1b[01m\x1b[K/home/ryanjeronimus/github/pico_comms/RadioLib/src/Module.cpp:301:11:\x1b[m\x1b[K \x1b[01;36m\x1b[Knote: \x1b[m\x1b[Kat offset 8 into destination object '\x1b[01m\x1b[KcmdBuf\x1b[m\x1b[K' of size 2\n"}
[1.268726] (micro_ros_raspberrypicosdk) StderrLine: {'line': b'  301 |   uint8_t \x1b[01;36m\x1b[KcmdBuf\x1b[m\x1b[K[2];\n'}
[1.268847] (micro_ros_raspberrypicosdk) StderrLine: {'line': b'      |           \x1b[01;36m\x1b[K^~~~~~\x1b[m\x1b[K\n'}
[1.268958] (micro_ros_raspberrypicosdk) StderrLine: {'line': b'\x1b[01m\x1b[K/home/ryanjeronimus/github/pico_comms/RadioLib/src/Module.cpp:304:17:\x1b[m\x1b[K \x1b[01;35m\x1b[Kwarning: \x1b[m\x1b[Kwriting 1 byte into a region of size 0 [\x1b[01;35m\x1b[K\x1b]8;;https://gcc.gnu.org/onlinedocs/gcc-14.2.0/gcc/Warning-Options.html#index-Wno-stringop-overflow\x07-Wstringop-overflow=\x1b]8;;\x07\x1b[m\x1b[K]\n'}
[1.269074] (micro_ros_raspberrypicosdk) StderrLine: {'line': b'  304 |     \x1b[01;35m\x1b[K*(cmdPtr++) = ( this->spiConfig.cmds[RADIOLIB_MODULE_SPI_COMMAND_STATUS] >> 8*i) & 0xFF\x1b[m\x1b[K;\n'}
[1.269184] (micro_ros_raspberrypicosdk) StderrLine: {'line': b'      |     \x1b[01;35m\x1b[K~~~~~~~~~~~~^~~~~~~~~~~~~~~~~~~~~~~~~~~~~~~~~~~~~~~~~~~~~~~~~~~~~~~~~~~~~~~~~~~~~~~~~~~\x1b[m\x1b[K\n'}
[1.269294] (micro_ros_raspberrypicosdk) StderrLine: {'line': b"\x1b[01m\x1b[K/home/ryanjeronimus/github/pico_comms/RadioLib/src/Module.cpp:301:11:\x1b[m\x1b[K \x1b[01;36m\x1b[Knote: \x1b[m\x1b[Kat offset 9 into destination object '\x1b[01m\x1b[KcmdBuf\x1b[m\x1b[K' of size 2\n"}
[1.269470] (micro_ros_raspberrypicosdk) StderrLine: {'line': b'  301 |   uint8_t \x1b[01;36m\x1b[KcmdBuf\x1b[m\x1b[K[2];\n'}
[1.269569] (micro_ros_raspberrypicosdk) StderrLine: {'line': b'      |           \x1b[01;36m\x1b[K^~~~~~\x1b[m\x1b[K\n'}
[1.269679] (micro_ros_raspberrypicosdk) StderrLine: {'line': b'\x1b[01m\x1b[K/home/ryanjeronimus/github/pico_comms/RadioLib/src/Module.cpp:304:17:\x1b[m\x1b[K \x1b[01;35m\x1b[Kwarning: \x1b[m\x1b[Kwriting 1 byte into a region of size 0 [\x1b[01;35m\x1b[K\x1b]8;;https://gcc.gnu.org/onlinedocs/gcc-14.2.0/gcc/Warning-Options.html#index-Wno-stringop-overflow\x07-Wstringop-overflow=\x1b]8;;\x07\x1b[m\x1b[K]\n'}
[1.269798] (micro_ros_raspberrypicosdk) StderrLine: {'line': b'  304 |     \x1b[01;35m\x1b[K*(cmdPtr++) = ( this->spiConfig.cmds[RADIOLIB_MODULE_SPI_COMMAND_STATUS] >> 8*i) & 0xFF\x1b[m\x1b[K;\n'}
[1.269896] (micro_ros_raspberrypicosdk) StderrLine: {'line': b'      |     \x1b[01;35m\x1b[K~~~~~~~~~~~~^~~~~~~~~~~~~~~~~~~~~~~~~~~~~~~~~~~~~~~~~~~~~~~~~~~~~~~~~~~~~~~~~~~~~~~~~~~\x1b[m\x1b[K\n'}
[1.269992] (micro_ros_raspberrypicosdk) StderrLine: {'line': b"\x1b[01m\x1b[K/home/ryanjeronimus/github/pico_comms/RadioLib/src/Module.cpp:301:11:\x1b[m\x1b[K \x1b[01;36m\x1b[Knote: \x1b[m\x1b[Kat offset 10 into destination object '\x1b[01m\x1b[KcmdBuf\x1b[m\x1b[K' of size 2\n"}
[1.270107] (micro_ros_raspberrypicosdk) StderrLine: {'line': b'  301 |   uint8_t \x1b[01;36m\x1b[KcmdBuf\x1b[m\x1b[K[2];\n'}
[1.270209] (micro_ros_raspberrypicosdk) StderrLine: {'line': b'      |           \x1b[01;36m\x1b[K^~~~~~\x1b[m\x1b[K\n'}
[1.270289] (micro_ros_raspberrypicosdk) StderrLine: {'line': b'\x1b[01m\x1b[K/home/ryanjeronimus/github/pico_comms/RadioLib/src/Module.cpp:304:17:\x1b[m\x1b[K \x1b[01;35m\x1b[Kwarning: \x1b[m\x1b[Kwriting 1 byte into a region of size 0 [\x1b[01;35m\x1b[K\x1b]8;;https://gcc.gnu.org/onlinedocs/gcc-14.2.0/gcc/Warning-Options.html#index-Wno-stringop-overflow\x07-Wstringop-overflow=\x1b]8;;\x07\x1b[m\x1b[K]\n'}
[1.273673] (micro_ros_raspberrypicosdk) StderrLine: {'line': b'  304 |     \x1b[01;35m\x1b[K*(cmdPtr++) = ( this->spiConfig.cmds[RADIOLIB_MODULE_SPI_COMMAND_STATUS] >> 8*i) & 0xFF\x1b[m\x1b[K;\n'}
[1.273863] (micro_ros_raspberrypicosdk) StderrLine: {'line': b'      |     \x1b[01;35m\x1b[K~~~~~~~~~~~~^~~~~~~~~~~~~~~~~~~~~~~~~~~~~~~~~~~~~~~~~~~~~~~~~~~~~~~~~~~~~~~~~~~~~~~~~~~\x1b[m\x1b[K\n'}
[1.274034] (micro_ros_raspberrypicosdk) StderrLine: {'line': b"\x1b[01m\x1b[K/home/ryanjeronimus/github/pico_comms/RadioLib/src/Module.cpp:301:11:\x1b[m\x1b[K \x1b[01;36m\x1b[Knote: \x1b[m\x1b[Kat offset 11 into destination object '\x1b[01m\x1b[KcmdBuf\x1b[m\x1b[K' of size 2\n"}
[1.274174] (micro_ros_raspberrypicosdk) StderrLine: {'line': b'  301 |   uint8_t \x1b[01;36m\x1b[KcmdBuf\x1b[m\x1b[K[2];\n'}
[1.274301] (micro_ros_raspberrypicosdk) StderrLine: {'line': b'      |           \x1b[01;36m\x1b[K^~~~~~\x1b[m\x1b[K\n'}
[1.274422] (micro_ros_raspberrypicosdk) StderrLine: {'line': b'\x1b[01m\x1b[K/home/ryanjeronimus/github/pico_comms/RadioLib/src/Module.cpp:304:17:\x1b[m\x1b[K \x1b[01;35m\x1b[Kwarning: \x1b[m\x1b[Kwriting 1 byte into a region of size 0 [\x1b[01;35m\x1b[K\x1b]8;;https://gcc.gnu.org/onlinedocs/gcc-14.2.0/gcc/Warning-Options.html#index-Wno-stringop-overflow\x07-Wstringop-overflow=\x1b]8;;\x07\x1b[m\x1b[K]\n'}
[1.274515] (micro_ros_raspberrypicosdk) StderrLine: {'line': b'  304 |     \x1b[01;35m\x1b[K*(cmdPtr++) = ( this->spiConfig.cmds[RADIOLIB_MODULE_SPI_COMMAND_STATUS] >> 8*i) & 0xFF\x1b[m\x1b[K;\n'}
[1.274595] (micro_ros_raspberrypicosdk) StderrLine: {'line': b'      |     \x1b[01;35m\x1b[K~~~~~~~~~~~~^~~~~~~~~~~~~~~~~~~~~~~~~~~~~~~~~~~~~~~~~~~~~~~~~~~~~~~~~~~~~~~~~~~~~~~~~~~\x1b[m\x1b[K\n'}
[1.274671] (micro_ros_raspberrypicosdk) StderrLine: {'line': b"\x1b[01m\x1b[K/home/ryanjeronimus/github/pico_comms/RadioLib/src/Module.cpp:301:11:\x1b[m\x1b[K \x1b[01;36m\x1b[Knote: \x1b[m\x1b[Kat offset 12 into destination object '\x1b[01m\x1b[KcmdBuf\x1b[m\x1b[K' of size 2\n"}
[1.274773] (micro_ros_raspberrypicosdk) StderrLine: {'line': b'  301 |   uint8_t \x1b[01;36m\x1b[KcmdBuf\x1b[m\x1b[K[2];\n'}
[1.274850] (micro_ros_raspberrypicosdk) StderrLine: {'line': b'      |           \x1b[01;36m\x1b[K^~~~~~\x1b[m\x1b[K\n'}
[1.274933] (micro_ros_raspberrypicosdk) StderrLine: {'line': b'\x1b[01m\x1b[K/home/ryanjeronimus/github/pico_comms/RadioLib/src/Module.cpp:304:17:\x1b[m\x1b[K \x1b[01;35m\x1b[Kwarning: \x1b[m\x1b[Kwriting 1 byte into a region of size 0 [\x1b[01;35m\x1b[K\x1b]8;;https://gcc.gnu.org/onlinedocs/gcc-14.2.0/gcc/Warning-Options.html#index-Wno-stringop-overflow\x07-Wstringop-overflow=\x1b]8;;\x07\x1b[m\x1b[K]\n'}
[1.275016] (micro_ros_raspberrypicosdk) StderrLine: {'line': b'  304 |     \x1b[01;35m\x1b[K*(cmdPtr++) = ( this->spiConfig.cmds[RADIOLIB_MODULE_SPI_COMMAND_STATUS] >> 8*i) & 0xFF\x1b[m\x1b[K;\n'}
[1.275098] (micro_ros_raspberrypicosdk) StderrLine: {'line': b'      |     \x1b[01;35m\x1b[K~~~~~~~~~~~~^~~~~~~~~~~~~~~~~~~~~~~~~~~~~~~~~~~~~~~~~~~~~~~~~~~~~~~~~~~~~~~~~~~~~~~~~~~\x1b[m\x1b[K\n'}
[1.275169] (micro_ros_raspberrypicosdk) StderrLine: {'line': b"\x1b[01m\x1b[K/home/ryanjeronimus/github/pico_comms/RadioLib/src/Module.cpp:301:11:\x1b[m\x1b[K \x1b[01;36m\x1b[Knote: \x1b[m\x1b[Kat offset 13 into destination object '\x1b[01m\x1b[KcmdBuf\x1b[m\x1b[K' of size 2\n"}
[1.275246] (micro_ros_raspberrypicosdk) StderrLine: {'line': b'  301 |   uint8_t \x1b[01;36m\x1b[KcmdBuf\x1b[m\x1b[K[2];\n'}
[1.275490] (micro_ros_raspberrypicosdk) StderrLine: {'line': b'      |           \x1b[01;36m\x1b[K^~~~~~\x1b[m\x1b[K\n'}
[1.275593] (micro_ros_raspberrypicosdk) StderrLine: {'line': b'\x1b[01m\x1b[K/home/ryanjeronimus/github/pico_comms/RadioLib/src/Module.cpp:304:17:\x1b[m\x1b[K \x1b[01;35m\x1b[Kwarning: \x1b[m\x1b[Kwriting 1 byte into a region of size 0 [\x1b[01;35m\x1b[K\x1b]8;;https://gcc.gnu.org/onlinedocs/gcc-14.2.0/gcc/Warning-Options.html#index-Wno-stringop-overflow\x07-Wstringop-overflow=\x1b]8;;\x07\x1b[m\x1b[K]\n'}
[1.275682] (micro_ros_raspberrypicosdk) StderrLine: {'line': b'  304 |     \x1b[01;35m\x1b[K*(cmdPtr++) = ( this->spiConfig.cmds[RADIOLIB_MODULE_SPI_COMMAND_STATUS] >> 8*i) & 0xFF\x1b[m\x1b[K;\n'}
[1.275780] (micro_ros_raspberrypicosdk) StderrLine: {'line': b'      |     \x1b[01;35m\x1b[K~~~~~~~~~~~~^~~~~~~~~~~~~~~~~~~~~~~~~~~~~~~~~~~~~~~~~~~~~~~~~~~~~~~~~~~~~~~~~~~~~~~~~~~\x1b[m\x1b[K\n'}
[1.275898] (micro_ros_raspberrypicosdk) StderrLine: {'line': b"\x1b[01m\x1b[K/home/ryanjeronimus/github/pico_comms/RadioLib/src/Module.cpp:301:11:\x1b[m\x1b[K \x1b[01;36m\x1b[Knote: \x1b[m\x1b[Kat offset 14 into destination object '\x1b[01m\x1b[KcmdBuf\x1b[m\x1b[K' of size 2\n"}
[1.276002] (micro_ros_raspberrypicosdk) StderrLine: {'line': b'  301 |   uint8_t \x1b[01;36m\x1b[KcmdBuf\x1b[m\x1b[K[2];\n'}
[1.276108] (micro_ros_raspberrypicosdk) StderrLine: {'line': b'      |           \x1b[01;36m\x1b[K^~~~~~\x1b[m\x1b[K\n'}
[1.295366] (micro_ros_raspberrypicosdk) StderrLine: {'line': b"\x1b[01m\x1b[K/home/ryanjeronimus/github/pico_comms/RadioLib/src/Module.cpp:\x1b[m\x1b[K In member function '\x1b[01m\x1b[Kint16_t Module::\x1b[01;32m\x1b[KSPIwriteStream\x1b[m\x1b[K(uint16_t, const uint8_t*, size_t, bool, bool)\x1b[m\x1b[K':\n"}
[1.295668] (micro_ros_raspberrypicosdk) StderrLine: {'line': b'\x1b[01m\x1b[K/home/ryanjeronimus/github/pico_comms/RadioLib/src/Module.cpp:271:17:\x1b[m\x1b[K \x1b[01;35m\x1b[Kwarning: \x1b[m\x1b[Kwriting 1 byte into a region of size 0 [\x1b[01;35m\x1b[K\x1b]8;;https://gcc.gnu.org/onlinedocs/gcc-14.2.0/gcc/Warning-Options.html#index-Wno-stringop-overflow\x07-Wstringop-overflow=\x1b]8;;\x07\x1b[m\x1b[K]\n'}
[1.295839] (micro_ros_raspberrypicosdk) StderrLine: {'line': b'  271 |     \x1b[01;35m\x1b[K*(cmdPtr++) = (cmd >> 8*i) & 0xFF\x1b[m\x1b[K;\n'}
[1.295984] (micro_ros_raspberrypicosdk) StderrLine: {'line': b'      |     \x1b[01;35m\x1b[K~~~~~~~~~~~~^~~~~~~~~~~~~~~~~~~~~\x1b[m\x1b[K\n'}
[1.296111] (micro_ros_raspberrypicosdk) StderrLine: {'line': b"\x1b[01m\x1b[K/home/ryanjeronimus/github/pico_comms/RadioLib/src/Module.cpp:268:11:\x1b[m\x1b[K \x1b[01;36m\x1b[Knote: \x1b[m\x1b[Kat offset 2 into destination object '\x1b[01m\x1b[KcmdBuf\x1b[m\x1b[K' of size 2\n"}
[1.296254] (micro_ros_raspberrypicosdk) StderrLine: {'line': b'  268 |   uint8_t \x1b[01;36m\x1b[KcmdBuf\x1b[m\x1b[K[2];\n'}
[1.296396] (micro_ros_raspberrypicosdk) StderrLine: {'line': b'      |           \x1b[01;36m\x1b[K^~~~~~\x1b[m\x1b[K\n'}
[1.296516] (micro_ros_raspberrypicosdk) StderrLine: {'line': b'\x1b[01m\x1b[K/home/ryanjeronimus/github/pico_comms/RadioLib/src/Module.cpp:271:17:\x1b[m\x1b[K \x1b[01;35m\x1b[Kwarning: \x1b[m\x1b[Kwriting 1 byte into a region of size 0 [\x1b[01;35m\x1b[K\x1b]8;;https://gcc.gnu.org/onlinedocs/gcc-14.2.0/gcc/Warning-Options.html#index-Wno-stringop-overflow\x07-Wstringop-overflow=\x1b]8;;\x07\x1b[m\x1b[K]\n'}
[1.296628] (micro_ros_raspberrypicosdk) StderrLine: {'line': b'  271 |     \x1b[01;35m\x1b[K*(cmdPtr++) = (cmd >> 8*i) & 0xFF\x1b[m\x1b[K;\n'}
[1.296736] (micro_ros_raspberrypicosdk) StderrLine: {'line': b'      |     \x1b[01;35m\x1b[K~~~~~~~~~~~~^~~~~~~~~~~~~~~~~~~~~\x1b[m\x1b[K\n'}
[1.296837] (micro_ros_raspberrypicosdk) StderrLine: {'line': b"\x1b[01m\x1b[K/home/ryanjeronimus/github/pico_comms/RadioLib/src/Module.cpp:268:11:\x1b[m\x1b[K \x1b[01;36m\x1b[Knote: \x1b[m\x1b[Kat offset 3 into destination object '\x1b[01m\x1b[KcmdBuf\x1b[m\x1b[K' of size 2\n"}
[1.296947] (micro_ros_raspberrypicosdk) StderrLine: {'line': b'  268 |   uint8_t \x1b[01;36m\x1b[KcmdBuf\x1b[m\x1b[K[2];\n'}
[1.297051] (micro_ros_raspberrypicosdk) StderrLine: {'line': b'      |           \x1b[01;36m\x1b[K^~~~~~\x1b[m\x1b[K\n'}
[1.297152] (micro_ros_raspberrypicosdk) StderrLine: {'line': b'\x1b[01m\x1b[K/home/ryanjeronimus/github/pico_comms/RadioLib/src/Module.cpp:271:17:\x1b[m\x1b[K \x1b[01;35m\x1b[Kwarning: \x1b[m\x1b[Kwriting 1 byte into a region of size 0 [\x1b[01;35m\x1b[K\x1b]8;;https://gcc.gnu.org/onlinedocs/gcc-14.2.0/gcc/Warning-Options.html#index-Wno-stringop-overflow\x07-Wstringop-overflow=\x1b]8;;\x07\x1b[m\x1b[K]\n'}
[1.297243] (micro_ros_raspberrypicosdk) StderrLine: {'line': b'  271 |     \x1b[01;35m\x1b[K*(cmdPtr++) = (cmd >> 8*i) & 0xFF\x1b[m\x1b[K;\n'}
[1.297351] (micro_ros_raspberrypicosdk) StderrLine: {'line': b'      |     \x1b[01;35m\x1b[K~~~~~~~~~~~~^~~~~~~~~~~~~~~~~~~~~\x1b[m\x1b[K\n'}
[1.297455] (micro_ros_raspberrypicosdk) StderrLine: {'line': b"\x1b[01m\x1b[K/home/ryanjeronimus/github/pico_comms/RadioLib/src/Module.cpp:268:11:\x1b[m\x1b[K \x1b[01;36m\x1b[Knote: \x1b[m\x1b[Kat offset 4 into destination object '\x1b[01m\x1b[KcmdBuf\x1b[m\x1b[K' of size 2\n"}
[1.297560] (micro_ros_raspberrypicosdk) StderrLine: {'line': b'  268 |   uint8_t \x1b[01;36m\x1b[KcmdBuf\x1b[m\x1b[K[2];\n'}
[1.297635] (micro_ros_raspberrypicosdk) StderrLine: {'line': b'      |           \x1b[01;36m\x1b[K^~~~~~\x1b[m\x1b[K\n'}
[1.297705] (micro_ros_raspberrypicosdk) StderrLine: {'line': b'\x1b[01m\x1b[K/home/ryanjeronimus/github/pico_comms/RadioLib/src/Module.cpp:271:17:\x1b[m\x1b[K \x1b[01;35m\x1b[Kwarning: \x1b[m\x1b[Kwriting 1 byte into a region of size 0 [\x1b[01;35m\x1b[K\x1b]8;;https://gcc.gnu.org/onlinedocs/gcc-14.2.0/gcc/Warning-Options.html#index-Wno-stringop-overflow\x07-Wstringop-overflow=\x1b]8;;\x07\x1b[m\x1b[K]\n'}
[1.297787] (micro_ros_raspberrypicosdk) StderrLine: {'line': b'  271 |     \x1b[01;35m\x1b[K*(cmdPtr++) = (cmd >> 8*i) & 0xFF\x1b[m\x1b[K;\n'}
[1.297859] (micro_ros_raspberrypicosdk) StderrLine: {'line': b'      |     \x1b[01;35m\x1b[K~~~~~~~~~~~~^~~~~~~~~~~~~~~~~~~~~\x1b[m\x1b[K\n'}
[1.297940] (micro_ros_raspberrypicosdk) StderrLine: {'line': b"\x1b[01m\x1b[K/home/ryanjeronimus/github/pico_comms/RadioLib/src/Module.cpp:268:11:\x1b[m\x1b[K \x1b[01;36m\x1b[Knote: \x1b[m\x1b[Kat offset 5 into destination object '\x1b[01m\x1b[KcmdBuf\x1b[m\x1b[K' of size 2\n"}
[1.298020] (micro_ros_raspberrypicosdk) StderrLine: {'line': b'  268 |   uint8_t \x1b[01;36m\x1b[KcmdBuf\x1b[m\x1b[K[2];\n'}
[1.298098] (micro_ros_raspberrypicosdk) StderrLine: {'line': b'      |           \x1b[01;36m\x1b[K^~~~~~\x1b[m\x1b[K\n'}
[1.298173] (micro_ros_raspberrypicosdk) StderrLine: {'line': b'\x1b[01m\x1b[K/home/ryanjeronimus/github/pico_comms/RadioLib/src/Module.cpp:271:17:\x1b[m\x1b[K \x1b[01;35m\x1b[Kwarning: \x1b[m\x1b[Kwriting 1 byte into a region of size 0 [\x1b[01;35m\x1b[K\x1b]8;;https://gcc.gnu.org/onlinedocs/gcc-14.2.0/gcc/Warning-Options.html#index-Wno-stringop-overflow\x07-Wstringop-overflow=\x1b]8;;\x07\x1b[m\x1b[K]\n'}
[1.298269] (micro_ros_raspberrypicosdk) StderrLine: {'line': b'  271 |     \x1b[01;35m\x1b[K*(cmdPtr++) = (cmd >> 8*i) & 0xFF\x1b[m\x1b[K;\n'}
[1.301603] (micro_ros_raspberrypicosdk) StderrLine: {'line': b'      |     \x1b[01;35m\x1b[K~~~~~~~~~~~~^~~~~~~~~~~~~~~~~~~~~\x1b[m\x1b[K\n'}
[1.301810] (micro_ros_raspberrypicosdk) StderrLine: {'line': b"\x1b[01m\x1b[K/home/ryanjeronimus/github/pico_comms/RadioLib/src/Module.cpp:268:11:\x1b[m\x1b[K \x1b[01;36m\x1b[Knote: \x1b[m\x1b[Kat offset 6 into destination object '\x1b[01m\x1b[KcmdBuf\x1b[m\x1b[K' of size 2\n"}
[1.301980] (micro_ros_raspberrypicosdk) StderrLine: {'line': b'  268 |   uint8_t \x1b[01;36m\x1b[KcmdBuf\x1b[m\x1b[K[2];\n'}
[1.302099] (micro_ros_raspberrypicosdk) StderrLine: {'line': b'      |           \x1b[01;36m\x1b[K^~~~~~\x1b[m\x1b[K\n'}
[1.302196] (micro_ros_raspberrypicosdk) StderrLine: {'line': b'\x1b[01m\x1b[K/home/ryanjeronimus/github/pico_comms/RadioLib/src/Module.cpp:271:17:\x1b[m\x1b[K \x1b[01;35m\x1b[Kwarning: \x1b[m\x1b[Kwriting 1 byte into a region of size 0 [\x1b[01;35m\x1b[K\x1b]8;;https://gcc.gnu.org/onlinedocs/gcc-14.2.0/gcc/Warning-Options.html#index-Wno-stringop-overflow\x07-Wstringop-overflow=\x1b]8;;\x07\x1b[m\x1b[K]\n'}
[1.302331] (micro_ros_raspberrypicosdk) StderrLine: {'line': b'  271 |     \x1b[01;35m\x1b[K*(cmdPtr++) = (cmd >> 8*i) & 0xFF\x1b[m\x1b[K;\n'}
[1.302467] (-) TimerEvent: {}
[1.302611] (micro_ros_raspberrypicosdk) StderrLine: {'line': b'      |     \x1b[01;35m\x1b[K~~~~~~~~~~~~^~~~~~~~~~~~~~~~~~~~~\x1b[m\x1b[K\n'}
[1.302762] (micro_ros_raspberrypicosdk) StderrLine: {'line': b"\x1b[01m\x1b[K/home/ryanjeronimus/github/pico_comms/RadioLib/src/Module.cpp:268:11:\x1b[m\x1b[K \x1b[01;36m\x1b[Knote: \x1b[m\x1b[Kat offset 7 into destination object '\x1b[01m\x1b[KcmdBuf\x1b[m\x1b[K' of size 2\n"}
[1.302885] (micro_ros_raspberrypicosdk) StderrLine: {'line': b'  268 |   uint8_t \x1b[01;36m\x1b[KcmdBuf\x1b[m\x1b[K[2];\n'}
[1.302997] (micro_ros_raspberrypicosdk) StderrLine: {'line': b'      |           \x1b[01;36m\x1b[K^~~~~~\x1b[m\x1b[K\n'}
[1.303086] (micro_ros_raspberrypicosdk) StderrLine: {'line': b'\x1b[01m\x1b[K/home/ryanjeronimus/github/pico_comms/RadioLib/src/Module.cpp:271:17:\x1b[m\x1b[K \x1b[01;35m\x1b[Kwarning: \x1b[m\x1b[Kwriting 1 byte into a region of size 0 [\x1b[01;35m\x1b[K\x1b]8;;https://gcc.gnu.org/onlinedocs/gcc-14.2.0/gcc/Warning-Options.html#index-Wno-stringop-overflow\x07-Wstringop-overflow=\x1b]8;;\x07\x1b[m\x1b[K]\n'}
[1.303166] (micro_ros_raspberrypicosdk) StderrLine: {'line': b'  271 |     \x1b[01;35m\x1b[K*(cmdPtr++) = (cmd >> 8*i) & 0xFF\x1b[m\x1b[K;\n'}
[1.303242] (micro_ros_raspberrypicosdk) StderrLine: {'line': b'      |     \x1b[01;35m\x1b[K~~~~~~~~~~~~^~~~~~~~~~~~~~~~~~~~~\x1b[m\x1b[K\n'}
[1.303330] (micro_ros_raspberrypicosdk) StderrLine: {'line': b"\x1b[01m\x1b[K/home/ryanjeronimus/github/pico_comms/RadioLib/src/Module.cpp:268:11:\x1b[m\x1b[K \x1b[01;36m\x1b[Knote: \x1b[m\x1b[Kat offset 8 into destination object '\x1b[01m\x1b[KcmdBuf\x1b[m\x1b[K' of size 2\n"}
[1.303445] (micro_ros_raspberrypicosdk) StderrLine: {'line': b'  268 |   uint8_t \x1b[01;36m\x1b[KcmdBuf\x1b[m\x1b[K[2];\n'}
[1.303551] (micro_ros_raspberrypicosdk) StderrLine: {'line': b'      |           \x1b[01;36m\x1b[K^~~~~~\x1b[m\x1b[K\n'}
[1.303634] (micro_ros_raspberrypicosdk) StderrLine: {'line': b'\x1b[01m\x1b[K/home/ryanjeronimus/github/pico_comms/RadioLib/src/Module.cpp:271:17:\x1b[m\x1b[K \x1b[01;35m\x1b[Kwarning: \x1b[m\x1b[Kwriting 1 byte into a region of size 0 [\x1b[01;35m\x1b[K\x1b]8;;https://gcc.gnu.org/onlinedocs/gcc-14.2.0/gcc/Warning-Options.html#index-Wno-stringop-overflow\x07-Wstringop-overflow=\x1b]8;;\x07\x1b[m\x1b[K]\n'}
[1.303712] (micro_ros_raspberrypicosdk) StderrLine: {'line': b'  271 |     \x1b[01;35m\x1b[K*(cmdPtr++) = (cmd >> 8*i) & 0xFF\x1b[m\x1b[K;\n'}
[1.303820] (micro_ros_raspberrypicosdk) StderrLine: {'line': b'      |     \x1b[01;35m\x1b[K~~~~~~~~~~~~^~~~~~~~~~~~~~~~~~~~~\x1b[m\x1b[K\n'}
[1.303902] (micro_ros_raspberrypicosdk) StderrLine: {'line': b"\x1b[01m\x1b[K/home/ryanjeronimus/github/pico_comms/RadioLib/src/Module.cpp:268:11:\x1b[m\x1b[K \x1b[01;36m\x1b[Knote: \x1b[m\x1b[Kat offset 9 into destination object '\x1b[01m\x1b[KcmdBuf\x1b[m\x1b[K' of size 2\n"}
[1.303980] (micro_ros_raspberrypicosdk) StderrLine: {'line': b'  268 |   uint8_t \x1b[01;36m\x1b[KcmdBuf\x1b[m\x1b[K[2];\n'}
[1.304055] (micro_ros_raspberrypicosdk) StderrLine: {'line': b'      |           \x1b[01;36m\x1b[K^~~~~~\x1b[m\x1b[K\n'}
[1.304130] (micro_ros_raspberrypicosdk) StderrLine: {'line': b'\x1b[01m\x1b[K/home/ryanjeronimus/github/pico_comms/RadioLib/src/Module.cpp:271:17:\x1b[m\x1b[K \x1b[01;35m\x1b[Kwarning: \x1b[m\x1b[Kwriting 1 byte into a region of size 0 [\x1b[01;35m\x1b[K\x1b]8;;https://gcc.gnu.org/onlinedocs/gcc-14.2.0/gcc/Warning-Options.html#index-Wno-stringop-overflow\x07-Wstringop-overflow=\x1b]8;;\x07\x1b[m\x1b[K]\n'}
[1.304211] (micro_ros_raspberrypicosdk) StderrLine: {'line': b'  271 |     \x1b[01;35m\x1b[K*(cmdPtr++) = (cmd >> 8*i) & 0xFF\x1b[m\x1b[K;\n'}
[1.304284] (micro_ros_raspberrypicosdk) StderrLine: {'line': b'      |     \x1b[01;35m\x1b[K~~~~~~~~~~~~^~~~~~~~~~~~~~~~~~~~~\x1b[m\x1b[K\n'}
[1.307627] (micro_ros_raspberrypicosdk) StderrLine: {'line': b"\x1b[01m\x1b[K/home/ryanjeronimus/github/pico_comms/RadioLib/src/Module.cpp:268:11:\x1b[m\x1b[K \x1b[01;36m\x1b[Knote: \x1b[m\x1b[Kat offset 10 into destination object '\x1b[01m\x1b[KcmdBuf\x1b[m\x1b[K' of size 2\n"}
[1.307815] (micro_ros_raspberrypicosdk) StderrLine: {'line': b'  268 |   uint8_t \x1b[01;36m\x1b[KcmdBuf\x1b[m\x1b[K[2];\n'}
[1.307941] (micro_ros_raspberrypicosdk) StderrLine: {'line': b'      |           \x1b[01;36m\x1b[K^~~~~~\x1b[m\x1b[K\n'}
[1.308062] (micro_ros_raspberrypicosdk) StderrLine: {'line': b'\x1b[01m\x1b[K/home/ryanjeronimus/github/pico_comms/RadioLib/src/Module.cpp:271:17:\x1b[m\x1b[K \x1b[01;35m\x1b[Kwarning: \x1b[m\x1b[Kwriting 1 byte into a region of size 0 [\x1b[01;35m\x1b[K\x1b]8;;https://gcc.gnu.org/onlinedocs/gcc-14.2.0/gcc/Warning-Options.html#index-Wno-stringop-overflow\x07-Wstringop-overflow=\x1b]8;;\x07\x1b[m\x1b[K]\n'}
[1.308194] (micro_ros_raspberrypicosdk) StderrLine: {'line': b'  271 |     \x1b[01;35m\x1b[K*(cmdPtr++) = (cmd >> 8*i) & 0xFF\x1b[m\x1b[K;\n'}
[1.308330] (micro_ros_raspberrypicosdk) StderrLine: {'line': b'      |     \x1b[01;35m\x1b[K~~~~~~~~~~~~^~~~~~~~~~~~~~~~~~~~~\x1b[m\x1b[K\n'}
[1.308473] (micro_ros_raspberrypicosdk) StderrLine: {'line': b"\x1b[01m\x1b[K/home/ryanjeronimus/github/pico_comms/RadioLib/src/Module.cpp:268:11:\x1b[m\x1b[K \x1b[01;36m\x1b[Knote: \x1b[m\x1b[Kat offset 11 into destination object '\x1b[01m\x1b[KcmdBuf\x1b[m\x1b[K' of size 2\n"}
[1.308602] (micro_ros_raspberrypicosdk) StderrLine: {'line': b'  268 |   uint8_t \x1b[01;36m\x1b[KcmdBuf\x1b[m\x1b[K[2];\n'}
[1.308719] (micro_ros_raspberrypicosdk) StderrLine: {'line': b'      |           \x1b[01;36m\x1b[K^~~~~~\x1b[m\x1b[K\n'}
[1.308833] (micro_ros_raspberrypicosdk) StderrLine: {'line': b'\x1b[01m\x1b[K/home/ryanjeronimus/github/pico_comms/RadioLib/src/Module.cpp:271:17:\x1b[m\x1b[K \x1b[01;35m\x1b[Kwarning: \x1b[m\x1b[Kwriting 1 byte into a region of size 0 [\x1b[01;35m\x1b[K\x1b]8;;https://gcc.gnu.org/onlinedocs/gcc-14.2.0/gcc/Warning-Options.html#index-Wno-stringop-overflow\x07-Wstringop-overflow=\x1b]8;;\x07\x1b[m\x1b[K]\n'}
[1.308971] (micro_ros_raspberrypicosdk) StderrLine: {'line': b'  271 |     \x1b[01;35m\x1b[K*(cmdPtr++) = (cmd >> 8*i) & 0xFF\x1b[m\x1b[K;\n'}
[1.309089] (micro_ros_raspberrypicosdk) StderrLine: {'line': b'      |     \x1b[01;35m\x1b[K~~~~~~~~~~~~^~~~~~~~~~~~~~~~~~~~~\x1b[m\x1b[K\n'}
[1.309193] (micro_ros_raspberrypicosdk) StderrLine: {'line': b"\x1b[01m\x1b[K/home/ryanjeronimus/github/pico_comms/RadioLib/src/Module.cpp:268:11:\x1b[m\x1b[K \x1b[01;36m\x1b[Knote: \x1b[m\x1b[Kat offset 12 into destination object '\x1b[01m\x1b[KcmdBuf\x1b[m\x1b[K' of size 2\n"}
[1.309298] (micro_ros_raspberrypicosdk) StderrLine: {'line': b'  268 |   uint8_t \x1b[01;36m\x1b[KcmdBuf\x1b[m\x1b[K[2];\n'}
[1.309416] (micro_ros_raspberrypicosdk) StderrLine: {'line': b'      |           \x1b[01;36m\x1b[K^~~~~~\x1b[m\x1b[K\n'}
[1.309508] (micro_ros_raspberrypicosdk) StderrLine: {'line': b'\x1b[01m\x1b[K/home/ryanjeronimus/github/pico_comms/RadioLib/src/Module.cpp:271:17:\x1b[m\x1b[K \x1b[01;35m\x1b[Kwarning: \x1b[m\x1b[Kwriting 1 byte into a region of size 0 [\x1b[01;35m\x1b[K\x1b]8;;https://gcc.gnu.org/onlinedocs/gcc-14.2.0/gcc/Warning-Options.html#index-Wno-stringop-overflow\x07-Wstringop-overflow=\x1b]8;;\x07\x1b[m\x1b[K]\n'}
[1.309601] (micro_ros_raspberrypicosdk) StderrLine: {'line': b'  271 |     \x1b[01;35m\x1b[K*(cmdPtr++) = (cmd >> 8*i) & 0xFF\x1b[m\x1b[K;\n'}
[1.309683] (micro_ros_raspberrypicosdk) StderrLine: {'line': b'      |     \x1b[01;35m\x1b[K~~~~~~~~~~~~^~~~~~~~~~~~~~~~~~~~~\x1b[m\x1b[K\n'}
[1.309790] (micro_ros_raspberrypicosdk) StderrLine: {'line': b"\x1b[01m\x1b[K/home/ryanjeronimus/github/pico_comms/RadioLib/src/Module.cpp:268:11:\x1b[m\x1b[K \x1b[01;36m\x1b[Knote: \x1b[m\x1b[Kat offset 13 into destination object '\x1b[01m\x1b[KcmdBuf\x1b[m\x1b[K' of size 2\n"}
[1.309899] (micro_ros_raspberrypicosdk) StderrLine: {'line': b'  268 |   uint8_t \x1b[01;36m\x1b[KcmdBuf\x1b[m\x1b[K[2];\n'}
[1.310005] (micro_ros_raspberrypicosdk) StderrLine: {'line': b'      |           \x1b[01;36m\x1b[K^~~~~~\x1b[m\x1b[K\n'}
[1.310129] (micro_ros_raspberrypicosdk) StderrLine: {'line': b'\x1b[01m\x1b[K/home/ryanjeronimus/github/pico_comms/RadioLib/src/Module.cpp:271:17:\x1b[m\x1b[K \x1b[01;35m\x1b[Kwarning: \x1b[m\x1b[Kwriting 1 byte into a region of size 0 [\x1b[01;35m\x1b[K\x1b]8;;https://gcc.gnu.org/onlinedocs/gcc-14.2.0/gcc/Warning-Options.html#index-Wno-stringop-overflow\x07-Wstringop-overflow=\x1b]8;;\x07\x1b[m\x1b[K]\n'}
[1.310253] (micro_ros_raspberrypicosdk) StderrLine: {'line': b'  271 |     \x1b[01;35m\x1b[K*(cmdPtr++) = (cmd >> 8*i) & 0xFF\x1b[m\x1b[K;\n'}
[1.313602] (micro_ros_raspberrypicosdk) StderrLine: {'line': b'      |     \x1b[01;35m\x1b[K~~~~~~~~~~~~^~~~~~~~~~~~~~~~~~~~~\x1b[m\x1b[K\n'}
[1.313818] (micro_ros_raspberrypicosdk) StderrLine: {'line': b"\x1b[01m\x1b[K/home/ryanjeronimus/github/pico_comms/RadioLib/src/Module.cpp:268:11:\x1b[m\x1b[K \x1b[01;36m\x1b[Knote: \x1b[m\x1b[Kat offset 14 into destination object '\x1b[01m\x1b[KcmdBuf\x1b[m\x1b[K' of size 2\n"}
[1.313978] (micro_ros_raspberrypicosdk) StderrLine: {'line': b'  268 |   uint8_t \x1b[01;36m\x1b[KcmdBuf\x1b[m\x1b[K[2];\n'}
[1.314111] (micro_ros_raspberrypicosdk) StderrLine: {'line': b'      |           \x1b[01;36m\x1b[K^~~~~~\x1b[m\x1b[K\n'}
[1.332532] (micro_ros_raspberrypicosdk) StderrLine: {'line': b"\x1b[01m\x1b[K/home/ryanjeronimus/github/pico_comms/RadioLib/src/Module.cpp:\x1b[m\x1b[K In member function '\x1b[01m\x1b[Kint16_t Module::\x1b[01;32m\x1b[KSPIreadStream\x1b[m\x1b[K(uint16_t, uint8_t*, size_t, bool, bool)\x1b[m\x1b[K':\n"}
[1.333000] (micro_ros_raspberrypicosdk) StderrLine: {'line': b'\x1b[01m\x1b[K/home/ryanjeronimus/github/pico_comms/RadioLib/src/Module.cpp:243:17:\x1b[m\x1b[K \x1b[01;35m\x1b[Kwarning: \x1b[m\x1b[Kwriting 1 byte into a region of size 0 [\x1b[01;35m\x1b[K\x1b]8;;https://gcc.gnu.org/onlinedocs/gcc-14.2.0/gcc/Warning-Options.html#index-Wno-stringop-overflow\x07-Wstringop-overflow=\x1b]8;;\x07\x1b[m\x1b[K]\n'}
[1.333307] (micro_ros_raspberrypicosdk) StderrLine: {'line': b'  243 |     \x1b[01;35m\x1b[K*(cmdPtr++) = (cmd >> 8*i) & 0xFF\x1b[m\x1b[K;\n'}
[1.334602] (micro_ros_raspberrypicosdk) StderrLine: {'line': b'      |     \x1b[01;35m\x1b[K~~~~~~~~~~~~^~~~~~~~~~~~~~~~~~~~~\x1b[m\x1b[K\n'}
[1.334926] (micro_ros_raspberrypicosdk) StderrLine: {'line': b"\x1b[01m\x1b[K/home/ryanjeronimus/github/pico_comms/RadioLib/src/Module.cpp:240:11:\x1b[m\x1b[K \x1b[01;36m\x1b[Knote: \x1b[m\x1b[Kat offset 2 into destination object '\x1b[01m\x1b[KcmdBuf\x1b[m\x1b[K' of size 2\n"}
[1.335192] (micro_ros_raspberrypicosdk) StderrLine: {'line': b'  240 |   uint8_t \x1b[01;36m\x1b[KcmdBuf\x1b[m\x1b[K[2];\n'}
[1.335367] (micro_ros_raspberrypicosdk) StderrLine: {'line': b'      |           \x1b[01;36m\x1b[K^~~~~~\x1b[m\x1b[K\n'}
[1.335483] (micro_ros_raspberrypicosdk) StderrLine: {'line': b'\x1b[01m\x1b[K/home/ryanjeronimus/github/pico_comms/RadioLib/src/Module.cpp:243:17:\x1b[m\x1b[K \x1b[01;35m\x1b[Kwarning: \x1b[m\x1b[Kwriting 1 byte into a region of size 0 [\x1b[01;35m\x1b[K\x1b]8;;https://gcc.gnu.org/onlinedocs/gcc-14.2.0/gcc/Warning-Options.html#index-Wno-stringop-overflow\x07-Wstringop-overflow=\x1b]8;;\x07\x1b[m\x1b[K]\n'}
[1.335600] (micro_ros_raspberrypicosdk) StderrLine: {'line': b'  243 |     \x1b[01;35m\x1b[K*(cmdPtr++) = (cmd >> 8*i) & 0xFF\x1b[m\x1b[K;\n'}
[1.335715] (micro_ros_raspberrypicosdk) StderrLine: {'line': b'      |     \x1b[01;35m\x1b[K~~~~~~~~~~~~^~~~~~~~~~~~~~~~~~~~~\x1b[m\x1b[K\n'}
[1.335825] (micro_ros_raspberrypicosdk) StderrLine: {'line': b"\x1b[01m\x1b[K/home/ryanjeronimus/github/pico_comms/RadioLib/src/Module.cpp:240:11:\x1b[m\x1b[K \x1b[01;36m\x1b[Knote: \x1b[m\x1b[Kat offset 3 into destination object '\x1b[01m\x1b[KcmdBuf\x1b[m\x1b[K' of size 2\n"}
[1.335926] (micro_ros_raspberrypicosdk) StderrLine: {'line': b'  240 |   uint8_t \x1b[01;36m\x1b[KcmdBuf\x1b[m\x1b[K[2];\n'}
[1.336025] (micro_ros_raspberrypicosdk) StderrLine: {'line': b'      |           \x1b[01;36m\x1b[K^~~~~~\x1b[m\x1b[K\n'}
[1.336123] (micro_ros_raspberrypicosdk) StderrLine: {'line': b'\x1b[01m\x1b[K/home/ryanjeronimus/github/pico_comms/RadioLib/src/Module.cpp:243:17:\x1b[m\x1b[K \x1b[01;35m\x1b[Kwarning: \x1b[m\x1b[Kwriting 1 byte into a region of size 0 [\x1b[01;35m\x1b[K\x1b]8;;https://gcc.gnu.org/onlinedocs/gcc-14.2.0/gcc/Warning-Options.html#index-Wno-stringop-overflow\x07-Wstringop-overflow=\x1b]8;;\x07\x1b[m\x1b[K]\n'}
[1.336224] (micro_ros_raspberrypicosdk) StderrLine: {'line': b'  243 |     \x1b[01;35m\x1b[K*(cmdPtr++) = (cmd >> 8*i) & 0xFF\x1b[m\x1b[K;\n'}
[1.336339] (micro_ros_raspberrypicosdk) StderrLine: {'line': b'      |     \x1b[01;35m\x1b[K~~~~~~~~~~~~^~~~~~~~~~~~~~~~~~~~~\x1b[m\x1b[K\n'}
[1.336453] (micro_ros_raspberrypicosdk) StderrLine: {'line': b"\x1b[01m\x1b[K/home/ryanjeronimus/github/pico_comms/RadioLib/src/Module.cpp:240:11:\x1b[m\x1b[K \x1b[01;36m\x1b[Knote: \x1b[m\x1b[Kat offset 4 into destination object '\x1b[01m\x1b[KcmdBuf\x1b[m\x1b[K' of size 2\n"}
[1.336552] (micro_ros_raspberrypicosdk) StderrLine: {'line': b'  240 |   uint8_t \x1b[01;36m\x1b[KcmdBuf\x1b[m\x1b[K[2];\n'}
[1.336642] (micro_ros_raspberrypicosdk) StderrLine: {'line': b'      |           \x1b[01;36m\x1b[K^~~~~~\x1b[m\x1b[K\n'}
[1.336726] (micro_ros_raspberrypicosdk) StderrLine: {'line': b'\x1b[01m\x1b[K/home/ryanjeronimus/github/pico_comms/RadioLib/src/Module.cpp:243:17:\x1b[m\x1b[K \x1b[01;35m\x1b[Kwarning: \x1b[m\x1b[Kwriting 1 byte into a region of size 0 [\x1b[01;35m\x1b[K\x1b]8;;https://gcc.gnu.org/onlinedocs/gcc-14.2.0/gcc/Warning-Options.html#index-Wno-stringop-overflow\x07-Wstringop-overflow=\x1b]8;;\x07\x1b[m\x1b[K]\n'}
[1.336824] (micro_ros_raspberrypicosdk) StderrLine: {'line': b'  243 |     \x1b[01;35m\x1b[K*(cmdPtr++) = (cmd >> 8*i) & 0xFF\x1b[m\x1b[K;\n'}
[1.336912] (micro_ros_raspberrypicosdk) StderrLine: {'line': b'      |     \x1b[01;35m\x1b[K~~~~~~~~~~~~^~~~~~~~~~~~~~~~~~~~~\x1b[m\x1b[K\n'}
[1.337003] (micro_ros_raspberrypicosdk) StderrLine: {'line': b"\x1b[01m\x1b[K/home/ryanjeronimus/github/pico_comms/RadioLib/src/Module.cpp:240:11:\x1b[m\x1b[K \x1b[01;36m\x1b[Knote: \x1b[m\x1b[Kat offset 5 into destination object '\x1b[01m\x1b[KcmdBuf\x1b[m\x1b[K' of size 2\n"}
[1.337081] (micro_ros_raspberrypicosdk) StderrLine: {'line': b'  240 |   uint8_t \x1b[01;36m\x1b[KcmdBuf\x1b[m\x1b[K[2];\n'}
[1.337168] (micro_ros_raspberrypicosdk) StderrLine: {'line': b'      |           \x1b[01;36m\x1b[K^~~~~~\x1b[m\x1b[K\n'}
[1.337261] (micro_ros_raspberrypicosdk) StderrLine: {'line': b'\x1b[01m\x1b[K/home/ryanjeronimus/github/pico_comms/RadioLib/src/Module.cpp:243:17:\x1b[m\x1b[K \x1b[01;35m\x1b[Kwarning: \x1b[m\x1b[Kwriting 1 byte into a region of size 0 [\x1b[01;35m\x1b[K\x1b]8;;https://gcc.gnu.org/onlinedocs/gcc-14.2.0/gcc/Warning-Options.html#index-Wno-stringop-overflow\x07-Wstringop-overflow=\x1b]8;;\x07\x1b[m\x1b[K]\n'}
[1.337434] (micro_ros_raspberrypicosdk) StderrLine: {'line': b'  243 |     \x1b[01;35m\x1b[K*(cmdPtr++) = (cmd >> 8*i) & 0xFF\x1b[m\x1b[K;\n'}
[1.337540] (micro_ros_raspberrypicosdk) StderrLine: {'line': b'      |     \x1b[01;35m\x1b[K~~~~~~~~~~~~^~~~~~~~~~~~~~~~~~~~~\x1b[m\x1b[K\n'}
[1.337643] (micro_ros_raspberrypicosdk) StderrLine: {'line': b"\x1b[01m\x1b[K/home/ryanjeronimus/github/pico_comms/RadioLib/src/Module.cpp:240:11:\x1b[m\x1b[K \x1b[01;36m\x1b[Knote: \x1b[m\x1b[Kat offset 6 into destination object '\x1b[01m\x1b[KcmdBuf\x1b[m\x1b[K' of size 2\n"}
[1.337750] (micro_ros_raspberrypicosdk) StderrLine: {'line': b'  240 |   uint8_t \x1b[01;36m\x1b[KcmdBuf\x1b[m\x1b[K[2];\n'}
[1.337860] (micro_ros_raspberrypicosdk) StderrLine: {'line': b'      |           \x1b[01;36m\x1b[K^~~~~~\x1b[m\x1b[K\n'}
[1.337957] (micro_ros_raspberrypicosdk) StderrLine: {'line': b'\x1b[01m\x1b[K/home/ryanjeronimus/github/pico_comms/RadioLib/src/Module.cpp:243:17:\x1b[m\x1b[K \x1b[01;35m\x1b[Kwarning: \x1b[m\x1b[Kwriting 1 byte into a region of size 0 [\x1b[01;35m\x1b[K\x1b]8;;https://gcc.gnu.org/onlinedocs/gcc-14.2.0/gcc/Warning-Options.html#index-Wno-stringop-overflow\x07-Wstringop-overflow=\x1b]8;;\x07\x1b[m\x1b[K]\n'}
[1.341744] (micro_ros_raspberrypicosdk) StderrLine: {'line': b'  243 |     \x1b[01;35m\x1b[K*(cmdPtr++) = (cmd >> 8*i) & 0xFF\x1b[m\x1b[K;\n'}
[1.341900] (micro_ros_raspberrypicosdk) StderrLine: {'line': b'      |     \x1b[01;35m\x1b[K~~~~~~~~~~~~^~~~~~~~~~~~~~~~~~~~~\x1b[m\x1b[K\n'}
[1.342037] (micro_ros_raspberrypicosdk) StderrLine: {'line': b"\x1b[01m\x1b[K/home/ryanjeronimus/github/pico_comms/RadioLib/src/Module.cpp:240:11:\x1b[m\x1b[K \x1b[01;36m\x1b[Knote: \x1b[m\x1b[Kat offset 7 into destination object '\x1b[01m\x1b[KcmdBuf\x1b[m\x1b[K' of size 2\n"}
[1.342165] (micro_ros_raspberrypicosdk) StderrLine: {'line': b'  240 |   uint8_t \x1b[01;36m\x1b[KcmdBuf\x1b[m\x1b[K[2];\n'}
[1.342286] (micro_ros_raspberrypicosdk) StderrLine: {'line': b'      |           \x1b[01;36m\x1b[K^~~~~~\x1b[m\x1b[K\n'}
[1.342431] (micro_ros_raspberrypicosdk) StderrLine: {'line': b'\x1b[01m\x1b[K/home/ryanjeronimus/github/pico_comms/RadioLib/src/Module.cpp:243:17:\x1b[m\x1b[K \x1b[01;35m\x1b[Kwarning: \x1b[m\x1b[Kwriting 1 byte into a region of size 0 [\x1b[01;35m\x1b[K\x1b]8;;https://gcc.gnu.org/onlinedocs/gcc-14.2.0/gcc/Warning-Options.html#index-Wno-stringop-overflow\x07-Wstringop-overflow=\x1b]8;;\x07\x1b[m\x1b[K]\n'}
[1.342559] (micro_ros_raspberrypicosdk) StderrLine: {'line': b'  243 |     \x1b[01;35m\x1b[K*(cmdPtr++) = (cmd >> 8*i) & 0xFF\x1b[m\x1b[K;\n'}
[1.342674] (micro_ros_raspberrypicosdk) StderrLine: {'line': b'      |     \x1b[01;35m\x1b[K~~~~~~~~~~~~^~~~~~~~~~~~~~~~~~~~~\x1b[m\x1b[K\n'}
[1.342786] (micro_ros_raspberrypicosdk) StderrLine: {'line': b"\x1b[01m\x1b[K/home/ryanjeronimus/github/pico_comms/RadioLib/src/Module.cpp:240:11:\x1b[m\x1b[K \x1b[01;36m\x1b[Knote: \x1b[m\x1b[Kat offset 8 into destination object '\x1b[01m\x1b[KcmdBuf\x1b[m\x1b[K' of size 2\n"}
[1.342909] (micro_ros_raspberrypicosdk) StderrLine: {'line': b'  240 |   uint8_t \x1b[01;36m\x1b[KcmdBuf\x1b[m\x1b[K[2];\n'}
[1.343021] (micro_ros_raspberrypicosdk) StderrLine: {'line': b'      |           \x1b[01;36m\x1b[K^~~~~~\x1b[m\x1b[K\n'}
[1.343139] (micro_ros_raspberrypicosdk) StderrLine: {'line': b'\x1b[01m\x1b[K/home/ryanjeronimus/github/pico_comms/RadioLib/src/Module.cpp:243:17:\x1b[m\x1b[K \x1b[01;35m\x1b[Kwarning: \x1b[m\x1b[Kwriting 1 byte into a region of size 0 [\x1b[01;35m\x1b[K\x1b]8;;https://gcc.gnu.org/onlinedocs/gcc-14.2.0/gcc/Warning-Options.html#index-Wno-stringop-overflow\x07-Wstringop-overflow=\x1b]8;;\x07\x1b[m\x1b[K]\n'}
[1.343263] (micro_ros_raspberrypicosdk) StderrLine: {'line': b'  243 |     \x1b[01;35m\x1b[K*(cmdPtr++) = (cmd >> 8*i) & 0xFF\x1b[m\x1b[K;\n'}
[1.343410] (micro_ros_raspberrypicosdk) StderrLine: {'line': b'      |     \x1b[01;35m\x1b[K~~~~~~~~~~~~^~~~~~~~~~~~~~~~~~~~~\x1b[m\x1b[K\n'}
[1.343540] (micro_ros_raspberrypicosdk) StderrLine: {'line': b"\x1b[01m\x1b[K/home/ryanjeronimus/github/pico_comms/RadioLib/src/Module.cpp:240:11:\x1b[m\x1b[K \x1b[01;36m\x1b[Knote: \x1b[m\x1b[Kat offset 9 into destination object '\x1b[01m\x1b[KcmdBuf\x1b[m\x1b[K' of size 2\n"}
[1.343658] (micro_ros_raspberrypicosdk) StderrLine: {'line': b'  240 |   uint8_t \x1b[01;36m\x1b[KcmdBuf\x1b[m\x1b[K[2];\n'}
[1.343767] (micro_ros_raspberrypicosdk) StderrLine: {'line': b'      |           \x1b[01;36m\x1b[K^~~~~~\x1b[m\x1b[K\n'}
[1.343876] (micro_ros_raspberrypicosdk) StderrLine: {'line': b'\x1b[01m\x1b[K/home/ryanjeronimus/github/pico_comms/RadioLib/src/Module.cpp:243:17:\x1b[m\x1b[K \x1b[01;35m\x1b[Kwarning: \x1b[m\x1b[Kwriting 1 byte into a region of size 0 [\x1b[01;35m\x1b[K\x1b]8;;https://gcc.gnu.org/onlinedocs/gcc-14.2.0/gcc/Warning-Options.html#index-Wno-stringop-overflow\x07-Wstringop-overflow=\x1b]8;;\x07\x1b[m\x1b[K]\n'}
[1.344011] (micro_ros_raspberrypicosdk) StderrLine: {'line': b'  243 |     \x1b[01;35m\x1b[K*(cmdPtr++) = (cmd >> 8*i) & 0xFF\x1b[m\x1b[K;\n'}
[1.344123] (micro_ros_raspberrypicosdk) StderrLine: {'line': b'      |     \x1b[01;35m\x1b[K~~~~~~~~~~~~^~~~~~~~~~~~~~~~~~~~~\x1b[m\x1b[K\n'}
[1.344235] (micro_ros_raspberrypicosdk) StderrLine: {'line': b"\x1b[01m\x1b[K/home/ryanjeronimus/github/pico_comms/RadioLib/src/Module.cpp:240:11:\x1b[m\x1b[K \x1b[01;36m\x1b[Knote: \x1b[m\x1b[Kat offset 10 into destination object '\x1b[01m\x1b[KcmdBuf\x1b[m\x1b[K' of size 2\n"}
[1.347362] (micro_ros_raspberrypicosdk) StderrLine: {'line': b'  240 |   uint8_t \x1b[01;36m\x1b[KcmdBuf\x1b[m\x1b[K[2];\n'}
[1.347665] (micro_ros_raspberrypicosdk) StderrLine: {'line': b'      |           \x1b[01;36m\x1b[K^~~~~~\x1b[m\x1b[K\n'}
[1.347825] (micro_ros_raspberrypicosdk) StderrLine: {'line': b'\x1b[01m\x1b[K/home/ryanjeronimus/github/pico_comms/RadioLib/src/Module.cpp:243:17:\x1b[m\x1b[K \x1b[01;35m\x1b[Kwarning: \x1b[m\x1b[Kwriting 1 byte into a region of size 0 [\x1b[01;35m\x1b[K\x1b]8;;https://gcc.gnu.org/onlinedocs/gcc-14.2.0/gcc/Warning-Options.html#index-Wno-stringop-overflow\x07-Wstringop-overflow=\x1b]8;;\x07\x1b[m\x1b[K]\n'}
[1.347964] (micro_ros_raspberrypicosdk) StderrLine: {'line': b'  243 |     \x1b[01;35m\x1b[K*(cmdPtr++) = (cmd >> 8*i) & 0xFF\x1b[m\x1b[K;\n'}
[1.348106] (micro_ros_raspberrypicosdk) StderrLine: {'line': b'      |     \x1b[01;35m\x1b[K~~~~~~~~~~~~^~~~~~~~~~~~~~~~~~~~~\x1b[m\x1b[K\n'}
[1.348233] (micro_ros_raspberrypicosdk) StderrLine: {'line': b"\x1b[01m\x1b[K/home/ryanjeronimus/github/pico_comms/RadioLib/src/Module.cpp:240:11:\x1b[m\x1b[K \x1b[01;36m\x1b[Knote: \x1b[m\x1b[Kat offset 11 into destination object '\x1b[01m\x1b[KcmdBuf\x1b[m\x1b[K' of size 2\n"}
[1.348390] (micro_ros_raspberrypicosdk) StderrLine: {'line': b'  240 |   uint8_t \x1b[01;36m\x1b[KcmdBuf\x1b[m\x1b[K[2];\n'}
[1.348515] (micro_ros_raspberrypicosdk) StderrLine: {'line': b'      |           \x1b[01;36m\x1b[K^~~~~~\x1b[m\x1b[K\n'}
[1.348624] (micro_ros_raspberrypicosdk) StderrLine: {'line': b'\x1b[01m\x1b[K/home/ryanjeronimus/github/pico_comms/RadioLib/src/Module.cpp:243:17:\x1b[m\x1b[K \x1b[01;35m\x1b[Kwarning: \x1b[m\x1b[Kwriting 1 byte into a region of size 0 [\x1b[01;35m\x1b[K\x1b]8;;https://gcc.gnu.org/onlinedocs/gcc-14.2.0/gcc/Warning-Options.html#index-Wno-stringop-overflow\x07-Wstringop-overflow=\x1b]8;;\x07\x1b[m\x1b[K]\n'}
[1.348787] (micro_ros_raspberrypicosdk) StderrLine: {'line': b'  243 |     \x1b[01;35m\x1b[K*(cmdPtr++) = (cmd >> 8*i) & 0xFF\x1b[m\x1b[K;\n'}
[1.348891] (micro_ros_raspberrypicosdk) StderrLine: {'line': b'      |     \x1b[01;35m\x1b[K~~~~~~~~~~~~^~~~~~~~~~~~~~~~~~~~~\x1b[m\x1b[K\n'}
[1.348973] (micro_ros_raspberrypicosdk) StderrLine: {'line': b"\x1b[01m\x1b[K/home/ryanjeronimus/github/pico_comms/RadioLib/src/Module.cpp:240:11:\x1b[m\x1b[K \x1b[01;36m\x1b[Knote: \x1b[m\x1b[Kat offset 12 into destination object '\x1b[01m\x1b[KcmdBuf\x1b[m\x1b[K' of size 2\n"}
[1.349058] (micro_ros_raspberrypicosdk) StderrLine: {'line': b'  240 |   uint8_t \x1b[01;36m\x1b[KcmdBuf\x1b[m\x1b[K[2];\n'}
[1.349159] (micro_ros_raspberrypicosdk) StderrLine: {'line': b'      |           \x1b[01;36m\x1b[K^~~~~~\x1b[m\x1b[K\n'}
[1.349252] (micro_ros_raspberrypicosdk) StderrLine: {'line': b'\x1b[01m\x1b[K/home/ryanjeronimus/github/pico_comms/RadioLib/src/Module.cpp:243:17:\x1b[m\x1b[K \x1b[01;35m\x1b[Kwarning: \x1b[m\x1b[Kwriting 1 byte into a region of size 0 [\x1b[01;35m\x1b[K\x1b]8;;https://gcc.gnu.org/onlinedocs/gcc-14.2.0/gcc/Warning-Options.html#index-Wno-stringop-overflow\x07-Wstringop-overflow=\x1b]8;;\x07\x1b[m\x1b[K]\n'}
[1.349368] (micro_ros_raspberrypicosdk) StderrLine: {'line': b'  243 |     \x1b[01;35m\x1b[K*(cmdPtr++) = (cmd >> 8*i) & 0xFF\x1b[m\x1b[K;\n'}
[1.349459] (micro_ros_raspberrypicosdk) StderrLine: {'line': b'      |     \x1b[01;35m\x1b[K~~~~~~~~~~~~^~~~~~~~~~~~~~~~~~~~~\x1b[m\x1b[K\n'}
[1.349540] (micro_ros_raspberrypicosdk) StderrLine: {'line': b"\x1b[01m\x1b[K/home/ryanjeronimus/github/pico_comms/RadioLib/src/Module.cpp:240:11:\x1b[m\x1b[K \x1b[01;36m\x1b[Knote: \x1b[m\x1b[Kat offset 13 into destination object '\x1b[01m\x1b[KcmdBuf\x1b[m\x1b[K' of size 2\n"}
[1.349626] (micro_ros_raspberrypicosdk) StderrLine: {'line': b'  240 |   uint8_t \x1b[01;36m\x1b[KcmdBuf\x1b[m\x1b[K[2];\n'}
[1.349715] (micro_ros_raspberrypicosdk) StderrLine: {'line': b'      |           \x1b[01;36m\x1b[K^~~~~~\x1b[m\x1b[K\n'}
[1.349809] (micro_ros_raspberrypicosdk) StderrLine: {'line': b'\x1b[01m\x1b[K/home/ryanjeronimus/github/pico_comms/RadioLib/src/Module.cpp:243:17:\x1b[m\x1b[K \x1b[01;35m\x1b[Kwarning: \x1b[m\x1b[Kwriting 1 byte into a region of size 0 [\x1b[01;35m\x1b[K\x1b]8;;https://gcc.gnu.org/onlinedocs/gcc-14.2.0/gcc/Warning-Options.html#index-Wno-stringop-overflow\x07-Wstringop-overflow=\x1b]8;;\x07\x1b[m\x1b[K]\n'}
[1.349924] (micro_ros_raspberrypicosdk) StderrLine: {'line': b'  243 |     \x1b[01;35m\x1b[K*(cmdPtr++) = (cmd >> 8*i) & 0xFF\x1b[m\x1b[K;\n'}
[1.350037] (micro_ros_raspberrypicosdk) StderrLine: {'line': b'      |     \x1b[01;35m\x1b[K~~~~~~~~~~~~^~~~~~~~~~~~~~~~~~~~~\x1b[m\x1b[K\n'}
[1.350139] (micro_ros_raspberrypicosdk) StderrLine: {'line': b"\x1b[01m\x1b[K/home/ryanjeronimus/github/pico_comms/RadioLib/src/Module.cpp:240:11:\x1b[m\x1b[K \x1b[01;36m\x1b[Knote: \x1b[m\x1b[Kat offset 14 into destination object '\x1b[01m\x1b[KcmdBuf\x1b[m\x1b[K' of size 2\n"}
[1.350239] (micro_ros_raspberrypicosdk) StderrLine: {'line': b'  240 |   uint8_t \x1b[01;36m\x1b[KcmdBuf\x1b[m\x1b[K[2];\n'}
[1.354542] (micro_ros_raspberrypicosdk) StderrLine: {'line': b'      |           \x1b[01;36m\x1b[K^~~~~~\x1b[m\x1b[K\n'}
[1.374221] (micro_ros_raspberrypicosdk) StderrLine: {'line': b"In member function '\x1b[01m\x1b[Kuint8_t Module::\x1b[01;32m\x1b[KSPIreadRegister\x1b[m\x1b[K(uint32_t)\x1b[m\x1b[K',\n"}
[1.374645] (micro_ros_raspberrypicosdk) StderrLine: {'line': b"    inlined from '\x1b[01m\x1b[Kint16_t Module::\x1b[01;32m\x1b[KSPIsetRegValue\x1b[m\x1b[K(uint32_t, uint8_t, uint8_t, uint8_t, uint8_t, uint8_t, bool)\x1b[m\x1b[K' at \x1b[01m\x1b[K/home/ryanjeronimus/github/pico_comms/RadioLib/src/Module.cpp:85:36\x1b[m\x1b[K:\n"}
[1.374821] (micro_ros_raspberrypicosdk) StderrLine: {'line': b'\x1b[01m\x1b[K/home/ryanjeronimus/github/pico_comms/RadioLib/src/Module.cpp:135:19:\x1b[m\x1b[K \x1b[01;35m\x1b[Kwarning: \x1b[m\x1b[Kwriting 1 byte into a region of size 0 [\x1b[01;35m\x1b[K\x1b]8;;https://gcc.gnu.org/onlinedocs/gcc-14.2.0/gcc/Warning-Options.html#index-Wno-stringop-overflow\x07-Wstringop-overflow=\x1b]8;;\x07\x1b[m\x1b[K]\n'}
[1.374972] (micro_ros_raspberrypicosdk) StderrLine: {'line': b'  135 |       \x1b[01;35m\x1b[K*(cmdPtr++) = (this->spiConfig.cmds[RADIOLIB_MODULE_SPI_COMMAND_READ] >> 8*i) & 0xFF\x1b[m\x1b[K;\n'}
[1.375169] (micro_ros_raspberrypicosdk) StderrLine: {'line': b'      |       \x1b[01;35m\x1b[K~~~~~~~~~~~~^~~~~~~~~~~~~~~~~~~~~~~~~~~~~~~~~~~~~~~~~~~~~~~~~~~~~~~~~~~~~~~~~~~~~~~~\x1b[m\x1b[K\n'}
[1.375300] (micro_ros_raspberrypicosdk) StderrLine: {'line': b"\x1b[01m\x1b[K/home/ryanjeronimus/github/pico_comms/RadioLib/src/Module.cpp:\x1b[m\x1b[K In member function '\x1b[01m\x1b[Kint16_t Module::\x1b[01;32m\x1b[KSPIsetRegValue\x1b[m\x1b[K(uint32_t, uint8_t, uint8_t, uint8_t, uint8_t, uint8_t, bool)\x1b[m\x1b[K':\n"}
[1.375461] (micro_ros_raspberrypicosdk) StderrLine: {'line': b"\x1b[01m\x1b[K/home/ryanjeronimus/github/pico_comms/RadioLib/src/Module.cpp:132:13:\x1b[m\x1b[K \x1b[01;36m\x1b[Knote: \x1b[m\x1b[Kat offset 6 into destination object '\x1b[01m\x1b[Kcmd\x1b[m\x1b[K' of size 6\n"}
[1.375579] (micro_ros_raspberrypicosdk) StderrLine: {'line': b'  132 |     uint8_t \x1b[01;36m\x1b[Kcmd\x1b[m\x1b[K[6];\n'}
[1.375684] (micro_ros_raspberrypicosdk) StderrLine: {'line': b'      |             \x1b[01;36m\x1b[K^~~\x1b[m\x1b[K\n'}
[1.377256] (micro_ros_raspberrypicosdk) StderrLine: {'line': b"In member function '\x1b[01m\x1b[Kuint8_t Module::\x1b[01;32m\x1b[KSPIreadRegister\x1b[m\x1b[K(uint32_t)\x1b[m\x1b[K',\n"}
[1.378145] (micro_ros_raspberrypicosdk) StderrLine: {'line': b"    inlined from '\x1b[01m\x1b[Kint16_t Module::\x1b[01;32m\x1b[KSPIsetRegValue\x1b[m\x1b[K(uint32_t, uint8_t, uint8_t, uint8_t, uint8_t, uint8_t, bool)\x1b[m\x1b[K' at \x1b[01m\x1b[K/home/ryanjeronimus/github/pico_comms/RadioLib/src/Module.cpp:85:36\x1b[m\x1b[K:\n"}
[1.378392] (micro_ros_raspberrypicosdk) StderrLine: {'line': b'\x1b[01m\x1b[K/home/ryanjeronimus/github/pico_comms/RadioLib/src/Module.cpp:135:19:\x1b[m\x1b[K \x1b[01;35m\x1b[Kwarning: \x1b[m\x1b[Kwriting 1 byte into a region of size 0 [\x1b[01;35m\x1b[K\x1b]8;;https://gcc.gnu.org/onlinedocs/gcc-14.2.0/gcc/Warning-Options.html#index-Wno-stringop-overflow\x07-Wstringop-overflow=\x1b]8;;\x07\x1b[m\x1b[K]\n'}
[1.378559] (micro_ros_raspberrypicosdk) StderrLine: {'line': b'  135 |       \x1b[01;35m\x1b[K*(cmdPtr++) = (this->spiConfig.cmds[RADIOLIB_MODULE_SPI_COMMAND_READ] >> 8*i) & 0xFF\x1b[m\x1b[K;\n'}
[1.378683] (micro_ros_raspberrypicosdk) StderrLine: {'line': b'      |       \x1b[01;35m\x1b[K~~~~~~~~~~~~^~~~~~~~~~~~~~~~~~~~~~~~~~~~~~~~~~~~~~~~~~~~~~~~~~~~~~~~~~~~~~~~~~~~~~~~\x1b[m\x1b[K\n'}
[1.378812] (micro_ros_raspberrypicosdk) StderrLine: {'line': b"\x1b[01m\x1b[K/home/ryanjeronimus/github/pico_comms/RadioLib/src/Module.cpp:\x1b[m\x1b[K In member function '\x1b[01m\x1b[Kint16_t Module::\x1b[01;32m\x1b[KSPIsetRegValue\x1b[m\x1b[K(uint32_t, uint8_t, uint8_t, uint8_t, uint8_t, uint8_t, bool)\x1b[m\x1b[K':\n"}
[1.378929] (micro_ros_raspberrypicosdk) StderrLine: {'line': b"\x1b[01m\x1b[K/home/ryanjeronimus/github/pico_comms/RadioLib/src/Module.cpp:132:13:\x1b[m\x1b[K \x1b[01;36m\x1b[Knote: \x1b[m\x1b[Kat offset 7 into destination object '\x1b[01m\x1b[Kcmd\x1b[m\x1b[K' of size 6\n"}
[1.379037] (micro_ros_raspberrypicosdk) StderrLine: {'line': b'  132 |     uint8_t \x1b[01;36m\x1b[Kcmd\x1b[m\x1b[K[6];\n'}
[1.379131] (micro_ros_raspberrypicosdk) StderrLine: {'line': b'      |             \x1b[01;36m\x1b[K^~~\x1b[m\x1b[K\n'}
[1.379220] (micro_ros_raspberrypicosdk) StderrLine: {'line': b"In member function '\x1b[01m\x1b[Kuint8_t Module::\x1b[01;32m\x1b[KSPIreadRegister\x1b[m\x1b[K(uint32_t)\x1b[m\x1b[K',\n"}
[1.379308] (micro_ros_raspberrypicosdk) StderrLine: {'line': b"    inlined from '\x1b[01m\x1b[Kint16_t Module::\x1b[01;32m\x1b[KSPIsetRegValue\x1b[m\x1b[K(uint32_t, uint8_t, uint8_t, uint8_t, uint8_t, uint8_t, bool)\x1b[m\x1b[K' at \x1b[01m\x1b[K/home/ryanjeronimus/github/pico_comms/RadioLib/src/Module.cpp:85:36\x1b[m\x1b[K:\n"}
[1.379440] (micro_ros_raspberrypicosdk) StderrLine: {'line': b'\x1b[01m\x1b[K/home/ryanjeronimus/github/pico_comms/RadioLib/src/Module.cpp:135:19:\x1b[m\x1b[K \x1b[01;35m\x1b[Kwarning: \x1b[m\x1b[Kwriting 1 byte into a region of size 0 [\x1b[01;35m\x1b[K\x1b]8;;https://gcc.gnu.org/onlinedocs/gcc-14.2.0/gcc/Warning-Options.html#index-Wno-stringop-overflow\x07-Wstringop-overflow=\x1b]8;;\x07\x1b[m\x1b[K]\n'}
[1.379552] (micro_ros_raspberrypicosdk) StderrLine: {'line': b'  135 |       \x1b[01;35m\x1b[K*(cmdPtr++) = (this->spiConfig.cmds[RADIOLIB_MODULE_SPI_COMMAND_READ] >> 8*i) & 0xFF\x1b[m\x1b[K;\n'}
[1.379656] (micro_ros_raspberrypicosdk) StderrLine: {'line': b'      |       \x1b[01;35m\x1b[K~~~~~~~~~~~~^~~~~~~~~~~~~~~~~~~~~~~~~~~~~~~~~~~~~~~~~~~~~~~~~~~~~~~~~~~~~~~~~~~~~~~~\x1b[m\x1b[K\n'}
[1.379769] (micro_ros_raspberrypicosdk) StderrLine: {'line': b"\x1b[01m\x1b[K/home/ryanjeronimus/github/pico_comms/RadioLib/src/Module.cpp:\x1b[m\x1b[K In member function '\x1b[01m\x1b[Kint16_t Module::\x1b[01;32m\x1b[KSPIsetRegValue\x1b[m\x1b[K(uint32_t, uint8_t, uint8_t, uint8_t, uint8_t, uint8_t, bool)\x1b[m\x1b[K':\n"}
[1.379873] (micro_ros_raspberrypicosdk) StderrLine: {'line': b"\x1b[01m\x1b[K/home/ryanjeronimus/github/pico_comms/RadioLib/src/Module.cpp:132:13:\x1b[m\x1b[K \x1b[01;36m\x1b[Knote: \x1b[m\x1b[Kat offset 8 into destination object '\x1b[01m\x1b[Kcmd\x1b[m\x1b[K' of size 6\n"}
[1.379972] (micro_ros_raspberrypicosdk) StderrLine: {'line': b'  132 |     uint8_t \x1b[01;36m\x1b[Kcmd\x1b[m\x1b[K[6];\n'}
[1.380067] (micro_ros_raspberrypicosdk) StderrLine: {'line': b'      |             \x1b[01;36m\x1b[K^~~\x1b[m\x1b[K\n'}
[1.380159] (micro_ros_raspberrypicosdk) StderrLine: {'line': b"In member function '\x1b[01m\x1b[Kuint8_t Module::\x1b[01;32m\x1b[KSPIreadRegister\x1b[m\x1b[K(uint32_t)\x1b[m\x1b[K',\n"}
[1.380256] (micro_ros_raspberrypicosdk) StderrLine: {'line': b"    inlined from '\x1b[01m\x1b[Kint16_t Module::\x1b[01;32m\x1b[KSPIsetRegValue\x1b[m\x1b[K(uint32_t, uint8_t, uint8_t, uint8_t, uint8_t, uint8_t, bool)\x1b[m\x1b[K' at \x1b[01m\x1b[K/home/ryanjeronimus/github/pico_comms/RadioLib/src/Module.cpp:85:36\x1b[m\x1b[K:\n"}
[1.385600] (micro_ros_raspberrypicosdk) StderrLine: {'line': b'\x1b[01m\x1b[K/home/ryanjeronimus/github/pico_comms/RadioLib/src/Module.cpp:135:19:\x1b[m\x1b[K \x1b[01;35m\x1b[Kwarning: \x1b[m\x1b[Kwriting 1 byte into a region of size 0 [\x1b[01;35m\x1b[K\x1b]8;;https://gcc.gnu.org/onlinedocs/gcc-14.2.0/gcc/Warning-Options.html#index-Wno-stringop-overflow\x07-Wstringop-overflow=\x1b]8;;\x07\x1b[m\x1b[K]\n'}
[1.385800] (micro_ros_raspberrypicosdk) StderrLine: {'line': b'  135 |       \x1b[01;35m\x1b[K*(cmdPtr++) = (this->spiConfig.cmds[RADIOLIB_MODULE_SPI_COMMAND_READ] >> 8*i) & 0xFF\x1b[m\x1b[K;\n'}
[1.385949] (micro_ros_raspberrypicosdk) StderrLine: {'line': b'      |       \x1b[01;35m\x1b[K~~~~~~~~~~~~^~~~~~~~~~~~~~~~~~~~~~~~~~~~~~~~~~~~~~~~~~~~~~~~~~~~~~~~~~~~~~~~~~~~~~~~\x1b[m\x1b[K\n'}
[1.386060] (micro_ros_raspberrypicosdk) StderrLine: {'line': b"\x1b[01m\x1b[K/home/ryanjeronimus/github/pico_comms/RadioLib/src/Module.cpp:\x1b[m\x1b[K In member function '\x1b[01m\x1b[Kint16_t Module::\x1b[01;32m\x1b[KSPIsetRegValue\x1b[m\x1b[K(uint32_t, uint8_t, uint8_t, uint8_t, uint8_t, uint8_t, bool)\x1b[m\x1b[K':\n"}
[1.386165] (micro_ros_raspberrypicosdk) StderrLine: {'line': b"\x1b[01m\x1b[K/home/ryanjeronimus/github/pico_comms/RadioLib/src/Module.cpp:132:13:\x1b[m\x1b[K \x1b[01;36m\x1b[Knote: \x1b[m\x1b[Kat offset 9 into destination object '\x1b[01m\x1b[Kcmd\x1b[m\x1b[K' of size 6\n"}
[1.386267] (micro_ros_raspberrypicosdk) StderrLine: {'line': b'  132 |     uint8_t \x1b[01;36m\x1b[Kcmd\x1b[m\x1b[K[6];\n'}
[1.386384] (micro_ros_raspberrypicosdk) StderrLine: {'line': b'      |             \x1b[01;36m\x1b[K^~~\x1b[m\x1b[K\n'}
[1.386489] (micro_ros_raspberrypicosdk) StderrLine: {'line': b"In member function '\x1b[01m\x1b[Kuint8_t Module::\x1b[01;32m\x1b[KSPIreadRegister\x1b[m\x1b[K(uint32_t)\x1b[m\x1b[K',\n"}
[1.386578] (micro_ros_raspberrypicosdk) StderrLine: {'line': b"    inlined from '\x1b[01m\x1b[Kint16_t Module::\x1b[01;32m\x1b[KSPIsetRegValue\x1b[m\x1b[K(uint32_t, uint8_t, uint8_t, uint8_t, uint8_t, uint8_t, bool)\x1b[m\x1b[K' at \x1b[01m\x1b[K/home/ryanjeronimus/github/pico_comms/RadioLib/src/Module.cpp:85:36\x1b[m\x1b[K:\n"}
[1.386664] (micro_ros_raspberrypicosdk) StderrLine: {'line': b'\x1b[01m\x1b[K/home/ryanjeronimus/github/pico_comms/RadioLib/src/Module.cpp:135:19:\x1b[m\x1b[K \x1b[01;35m\x1b[Kwarning: \x1b[m\x1b[Kwriting 1 byte into a region of size 0 [\x1b[01;35m\x1b[K\x1b]8;;https://gcc.gnu.org/onlinedocs/gcc-14.2.0/gcc/Warning-Options.html#index-Wno-stringop-overflow\x07-Wstringop-overflow=\x1b]8;;\x07\x1b[m\x1b[K]\n'}
[1.386758] (micro_ros_raspberrypicosdk) StderrLine: {'line': b'  135 |       \x1b[01;35m\x1b[K*(cmdPtr++) = (this->spiConfig.cmds[RADIOLIB_MODULE_SPI_COMMAND_READ] >> 8*i) & 0xFF\x1b[m\x1b[K;\n'}
[1.386863] (micro_ros_raspberrypicosdk) StderrLine: {'line': b'      |       \x1b[01;35m\x1b[K~~~~~~~~~~~~^~~~~~~~~~~~~~~~~~~~~~~~~~~~~~~~~~~~~~~~~~~~~~~~~~~~~~~~~~~~~~~~~~~~~~~~\x1b[m\x1b[K\n'}
[1.386956] (micro_ros_raspberrypicosdk) StderrLine: {'line': b"\x1b[01m\x1b[K/home/ryanjeronimus/github/pico_comms/RadioLib/src/Module.cpp:\x1b[m\x1b[K In member function '\x1b[01m\x1b[Kint16_t Module::\x1b[01;32m\x1b[KSPIsetRegValue\x1b[m\x1b[K(uint32_t, uint8_t, uint8_t, uint8_t, uint8_t, uint8_t, bool)\x1b[m\x1b[K':\n"}
[1.387131] (micro_ros_raspberrypicosdk) StderrLine: {'line': b"\x1b[01m\x1b[K/home/ryanjeronimus/github/pico_comms/RadioLib/src/Module.cpp:132:13:\x1b[m\x1b[K \x1b[01;36m\x1b[Knote: \x1b[m\x1b[Kat offset 10 into destination object '\x1b[01m\x1b[Kcmd\x1b[m\x1b[K' of size 6\n"}
[1.387229] (micro_ros_raspberrypicosdk) StderrLine: {'line': b'  132 |     uint8_t \x1b[01;36m\x1b[Kcmd\x1b[m\x1b[K[6];\n'}
[1.387334] (micro_ros_raspberrypicosdk) StderrLine: {'line': b'      |             \x1b[01;36m\x1b[K^~~\x1b[m\x1b[K\n'}
[1.387443] (micro_ros_raspberrypicosdk) StderrLine: {'line': b"In member function '\x1b[01m\x1b[Kuint8_t Module::\x1b[01;32m\x1b[KSPIreadRegister\x1b[m\x1b[K(uint32_t)\x1b[m\x1b[K',\n"}
[1.387531] (micro_ros_raspberrypicosdk) StderrLine: {'line': b"    inlined from '\x1b[01m\x1b[Kint16_t Module::\x1b[01;32m\x1b[KSPIsetRegValue\x1b[m\x1b[K(uint32_t, uint8_t, uint8_t, uint8_t, uint8_t, uint8_t, bool)\x1b[m\x1b[K' at \x1b[01m\x1b[K/home/ryanjeronimus/github/pico_comms/RadioLib/src/Module.cpp:85:36\x1b[m\x1b[K:\n"}
[1.387623] (micro_ros_raspberrypicosdk) StderrLine: {'line': b'\x1b[01m\x1b[K/home/ryanjeronimus/github/pico_comms/RadioLib/src/Module.cpp:135:19:\x1b[m\x1b[K \x1b[01;35m\x1b[Kwarning: \x1b[m\x1b[Kwriting 1 byte into a region of size 0 [\x1b[01;35m\x1b[K\x1b]8;;https://gcc.gnu.org/onlinedocs/gcc-14.2.0/gcc/Warning-Options.html#index-Wno-stringop-overflow\x07-Wstringop-overflow=\x1b]8;;\x07\x1b[m\x1b[K]\n'}
[1.387717] (micro_ros_raspberrypicosdk) StderrLine: {'line': b'  135 |       \x1b[01;35m\x1b[K*(cmdPtr++) = (this->spiConfig.cmds[RADIOLIB_MODULE_SPI_COMMAND_READ] >> 8*i) & 0xFF\x1b[m\x1b[K;\n'}
[1.387807] (micro_ros_raspberrypicosdk) StderrLine: {'line': b'      |       \x1b[01;35m\x1b[K~~~~~~~~~~~~^~~~~~~~~~~~~~~~~~~~~~~~~~~~~~~~~~~~~~~~~~~~~~~~~~~~~~~~~~~~~~~~~~~~~~~~\x1b[m\x1b[K\n'}
[1.387900] (micro_ros_raspberrypicosdk) StderrLine: {'line': b"\x1b[01m\x1b[K/home/ryanjeronimus/github/pico_comms/RadioLib/src/Module.cpp:\x1b[m\x1b[K In member function '\x1b[01m\x1b[Kint16_t Module::\x1b[01;32m\x1b[KSPIsetRegValue\x1b[m\x1b[K(uint32_t, uint8_t, uint8_t, uint8_t, uint8_t, uint8_t, bool)\x1b[m\x1b[K':\n"}
[1.387987] (micro_ros_raspberrypicosdk) StderrLine: {'line': b"\x1b[01m\x1b[K/home/ryanjeronimus/github/pico_comms/RadioLib/src/Module.cpp:132:13:\x1b[m\x1b[K \x1b[01;36m\x1b[Knote: \x1b[m\x1b[Kat offset 11 into destination object '\x1b[01m\x1b[Kcmd\x1b[m\x1b[K' of size 6\n"}
[1.388077] (micro_ros_raspberrypicosdk) StderrLine: {'line': b'  132 |     uint8_t \x1b[01;36m\x1b[Kcmd\x1b[m\x1b[K[6];\n'}
[1.388168] (micro_ros_raspberrypicosdk) StderrLine: {'line': b'      |             \x1b[01;36m\x1b[K^~~\x1b[m\x1b[K\n'}
[1.388251] (micro_ros_raspberrypicosdk) StderrLine: {'line': b"In member function '\x1b[01m\x1b[Kuint8_t Module::\x1b[01;32m\x1b[KSPIreadRegister\x1b[m\x1b[K(uint32_t)\x1b[m\x1b[K',\n"}
[1.391534] (micro_ros_raspberrypicosdk) StderrLine: {'line': b"    inlined from '\x1b[01m\x1b[Kint16_t Module::\x1b[01;32m\x1b[KSPIsetRegValue\x1b[m\x1b[K(uint32_t, uint8_t, uint8_t, uint8_t, uint8_t, uint8_t, bool)\x1b[m\x1b[K' at \x1b[01m\x1b[K/home/ryanjeronimus/github/pico_comms/RadioLib/src/Module.cpp:85:36\x1b[m\x1b[K:\n"}
[1.391775] (micro_ros_raspberrypicosdk) StderrLine: {'line': b'\x1b[01m\x1b[K/home/ryanjeronimus/github/pico_comms/RadioLib/src/Module.cpp:135:19:\x1b[m\x1b[K \x1b[01;35m\x1b[Kwarning: \x1b[m\x1b[Kwriting 1 byte into a region of size 0 [\x1b[01;35m\x1b[K\x1b]8;;https://gcc.gnu.org/onlinedocs/gcc-14.2.0/gcc/Warning-Options.html#index-Wno-stringop-overflow\x07-Wstringop-overflow=\x1b]8;;\x07\x1b[m\x1b[K]\n'}
[1.391932] (micro_ros_raspberrypicosdk) StderrLine: {'line': b'  135 |       \x1b[01;35m\x1b[K*(cmdPtr++) = (this->spiConfig.cmds[RADIOLIB_MODULE_SPI_COMMAND_READ] >> 8*i) & 0xFF\x1b[m\x1b[K;\n'}
[1.392066] (micro_ros_raspberrypicosdk) StderrLine: {'line': b'      |       \x1b[01;35m\x1b[K~~~~~~~~~~~~^~~~~~~~~~~~~~~~~~~~~~~~~~~~~~~~~~~~~~~~~~~~~~~~~~~~~~~~~~~~~~~~~~~~~~~~\x1b[m\x1b[K\n'}
[1.392182] (micro_ros_raspberrypicosdk) StderrLine: {'line': b"\x1b[01m\x1b[K/home/ryanjeronimus/github/pico_comms/RadioLib/src/Module.cpp:\x1b[m\x1b[K In member function '\x1b[01m\x1b[Kint16_t Module::\x1b[01;32m\x1b[KSPIsetRegValue\x1b[m\x1b[K(uint32_t, uint8_t, uint8_t, uint8_t, uint8_t, uint8_t, bool)\x1b[m\x1b[K':\n"}
[1.392297] (micro_ros_raspberrypicosdk) StderrLine: {'line': b"\x1b[01m\x1b[K/home/ryanjeronimus/github/pico_comms/RadioLib/src/Module.cpp:132:13:\x1b[m\x1b[K \x1b[01;36m\x1b[Knote: \x1b[m\x1b[Kat offset 12 into destination object '\x1b[01m\x1b[Kcmd\x1b[m\x1b[K' of size 6\n"}
[1.392446] (micro_ros_raspberrypicosdk) StderrLine: {'line': b'  132 |     uint8_t \x1b[01;36m\x1b[Kcmd\x1b[m\x1b[K[6];\n'}
[1.392554] (micro_ros_raspberrypicosdk) StderrLine: {'line': b'      |             \x1b[01;36m\x1b[K^~~\x1b[m\x1b[K\n'}
[1.392785] (micro_ros_raspberrypicosdk) StderrLine: {'line': b"In member function '\x1b[01m\x1b[Kuint8_t Module::\x1b[01;32m\x1b[KSPIreadRegister\x1b[m\x1b[K(uint32_t)\x1b[m\x1b[K',\n"}
[1.392907] (micro_ros_raspberrypicosdk) StderrLine: {'line': b"    inlined from '\x1b[01m\x1b[Kint16_t Module::\x1b[01;32m\x1b[KSPIsetRegValue\x1b[m\x1b[K(uint32_t, uint8_t, uint8_t, uint8_t, uint8_t, uint8_t, bool)\x1b[m\x1b[K' at \x1b[01m\x1b[K/home/ryanjeronimus/github/pico_comms/RadioLib/src/Module.cpp:85:36\x1b[m\x1b[K:\n"}
[1.393012] (micro_ros_raspberrypicosdk) StderrLine: {'line': b'\x1b[01m\x1b[K/home/ryanjeronimus/github/pico_comms/RadioLib/src/Module.cpp:135:19:\x1b[m\x1b[K \x1b[01;35m\x1b[Kwarning: \x1b[m\x1b[Kwriting 1 byte into a region of size 0 [\x1b[01;35m\x1b[K\x1b]8;;https://gcc.gnu.org/onlinedocs/gcc-14.2.0/gcc/Warning-Options.html#index-Wno-stringop-overflow\x07-Wstringop-overflow=\x1b]8;;\x07\x1b[m\x1b[K]\n'}
[1.393110] (micro_ros_raspberrypicosdk) StderrLine: {'line': b'  135 |       \x1b[01;35m\x1b[K*(cmdPtr++) = (this->spiConfig.cmds[RADIOLIB_MODULE_SPI_COMMAND_READ] >> 8*i) & 0xFF\x1b[m\x1b[K;\n'}
[1.393206] (micro_ros_raspberrypicosdk) StderrLine: {'line': b'      |       \x1b[01;35m\x1b[K~~~~~~~~~~~~^~~~~~~~~~~~~~~~~~~~~~~~~~~~~~~~~~~~~~~~~~~~~~~~~~~~~~~~~~~~~~~~~~~~~~~~\x1b[m\x1b[K\n'}
[1.393292] (micro_ros_raspberrypicosdk) StderrLine: {'line': b"\x1b[01m\x1b[K/home/ryanjeronimus/github/pico_comms/RadioLib/src/Module.cpp:\x1b[m\x1b[K In member function '\x1b[01m\x1b[Kint16_t Module::\x1b[01;32m\x1b[KSPIsetRegValue\x1b[m\x1b[K(uint32_t, uint8_t, uint8_t, uint8_t, uint8_t, uint8_t, bool)\x1b[m\x1b[K':\n"}
[1.393431] (micro_ros_raspberrypicosdk) StderrLine: {'line': b"\x1b[01m\x1b[K/home/ryanjeronimus/github/pico_comms/RadioLib/src/Module.cpp:132:13:\x1b[m\x1b[K \x1b[01;36m\x1b[Knote: \x1b[m\x1b[Kat offset 13 into destination object '\x1b[01m\x1b[Kcmd\x1b[m\x1b[K' of size 6\n"}
[1.393539] (micro_ros_raspberrypicosdk) StderrLine: {'line': b'  132 |     uint8_t \x1b[01;36m\x1b[Kcmd\x1b[m\x1b[K[6];\n'}
[1.393637] (micro_ros_raspberrypicosdk) StderrLine: {'line': b'      |             \x1b[01;36m\x1b[K^~~\x1b[m\x1b[K\n'}
[1.393732] (micro_ros_raspberrypicosdk) StderrLine: {'line': b"In member function '\x1b[01m\x1b[Kuint8_t Module::\x1b[01;32m\x1b[KSPIreadRegister\x1b[m\x1b[K(uint32_t)\x1b[m\x1b[K',\n"}
[1.393823] (micro_ros_raspberrypicosdk) StderrLine: {'line': b"    inlined from '\x1b[01m\x1b[Kint16_t Module::\x1b[01;32m\x1b[KSPIsetRegValue\x1b[m\x1b[K(uint32_t, uint8_t, uint8_t, uint8_t, uint8_t, uint8_t, bool)\x1b[m\x1b[K' at \x1b[01m\x1b[K/home/ryanjeronimus/github/pico_comms/RadioLib/src/Module.cpp:85:36\x1b[m\x1b[K:\n"}
[1.393920] (micro_ros_raspberrypicosdk) StderrLine: {'line': b'\x1b[01m\x1b[K/home/ryanjeronimus/github/pico_comms/RadioLib/src/Module.cpp:135:19:\x1b[m\x1b[K \x1b[01;35m\x1b[Kwarning: \x1b[m\x1b[Kwriting 1 byte into a region of size 0 [\x1b[01;35m\x1b[K\x1b]8;;https://gcc.gnu.org/onlinedocs/gcc-14.2.0/gcc/Warning-Options.html#index-Wno-stringop-overflow\x07-Wstringop-overflow=\x1b]8;;\x07\x1b[m\x1b[K]\n'}
[1.394024] (micro_ros_raspberrypicosdk) StderrLine: {'line': b'  135 |       \x1b[01;35m\x1b[K*(cmdPtr++) = (this->spiConfig.cmds[RADIOLIB_MODULE_SPI_COMMAND_READ] >> 8*i) & 0xFF\x1b[m\x1b[K;\n'}
[1.394112] (micro_ros_raspberrypicosdk) StderrLine: {'line': b'      |       \x1b[01;35m\x1b[K~~~~~~~~~~~~^~~~~~~~~~~~~~~~~~~~~~~~~~~~~~~~~~~~~~~~~~~~~~~~~~~~~~~~~~~~~~~~~~~~~~~~\x1b[m\x1b[K\n'}
[1.394196] (micro_ros_raspberrypicosdk) StderrLine: {'line': b"\x1b[01m\x1b[K/home/ryanjeronimus/github/pico_comms/RadioLib/src/Module.cpp:\x1b[m\x1b[K In member function '\x1b[01m\x1b[Kint16_t Module::\x1b[01;32m\x1b[KSPIsetRegValue\x1b[m\x1b[K(uint32_t, uint8_t, uint8_t, uint8_t, uint8_t, uint8_t, bool)\x1b[m\x1b[K':\n"}
[1.394269] (micro_ros_raspberrypicosdk) StderrLine: {'line': b"\x1b[01m\x1b[K/home/ryanjeronimus/github/pico_comms/RadioLib/src/Module.cpp:132:13:\x1b[m\x1b[K \x1b[01;36m\x1b[Knote: \x1b[m\x1b[Kat offset 14 into destination object '\x1b[01m\x1b[Kcmd\x1b[m\x1b[K' of size 6\n"}
[1.397575] (micro_ros_raspberrypicosdk) StderrLine: {'line': b'  132 |     uint8_t \x1b[01;36m\x1b[Kcmd\x1b[m\x1b[K[6];\n'}
[1.397756] (micro_ros_raspberrypicosdk) StderrLine: {'line': b'      |             \x1b[01;36m\x1b[K^~~\x1b[m\x1b[K\n'}
[1.402606] (-) TimerEvent: {}
[1.439360] (micro_ros_raspberrypicosdk) StdoutLine: {'line': b'[ 18%] \x1b[32mBuilding CXX object RadioLib/CMakeFiles/RadioLib.dir/src/modules/SX127x/SX1273.cpp.o\x1b[0m\n'}
[1.478450] (micro_ros_raspberrypicosdk) StdoutLine: {'line': b'[ 19%] \x1b[32mBuilding CXX object RadioLib/CMakeFiles/RadioLib.dir/src/modules/SX127x/SX1276.cpp.o\x1b[0m\n'}
[1.491131] (micro_ros_raspberrypicosdk) StdoutLine: {'line': b'[ 19%] \x1b[32mBuilding CXX object RadioLib/CMakeFiles/RadioLib.dir/src/modules/SX127x/SX1277.cpp.o\x1b[0m\n'}
[1.502741] (-) TimerEvent: {}
[1.503321] (micro_ros_raspberrypicosdk) StdoutLine: {'line': b'[ 20%] \x1b[32mBuilding CXX object RadioLib/CMakeFiles/RadioLib.dir/src/modules/SX127x/SX1278.cpp.o\x1b[0m\n'}
[1.510244] (micro_ros_raspberrypicosdk) StdoutLine: {'line': b'[ 21%] \x1b[32mBuilding CXX object RadioLib/CMakeFiles/RadioLib.dir/src/modules/SX127x/SX1279.cpp.o\x1b[0m\n'}
[1.603177] (-) TimerEvent: {}
[1.633437] (micro_ros_raspberrypicosdk) StdoutLine: {'line': b'[ 21%] \x1b[32mBuilding CXX object RadioLib/CMakeFiles/RadioLib.dir/src/modules/SX127x/SX127x.cpp.o\x1b[0m\n'}
[1.636573] (micro_ros_raspberrypicosdk) StdoutLine: {'line': b'[ 22%] \x1b[32mBuilding CXX object RadioLib/CMakeFiles/RadioLib.dir/src/modules/SX128x/SX1280.cpp.o\x1b[0m\n'}
[1.650078] (micro_ros_raspberrypicosdk) StdoutLine: {'line': b'[ 23%] \x1b[32mBuilding CXX object RadioLib/CMakeFiles/RadioLib.dir/src/modules/SX128x/SX1281.cpp.o\x1b[0m\n'}
[1.672524] (micro_ros_raspberrypicosdk) StdoutLine: {'line': b'[ 23%] \x1b[32mBuilding CXX object RadioLib/CMakeFiles/RadioLib.dir/src/modules/SX128x/SX1282.cpp.o\x1b[0m\n'}
[1.673993] (micro_ros_raspberrypicosdk) StdoutLine: {'line': b'[ 24%] \x1b[32mBuilding CXX object RadioLib/CMakeFiles/RadioLib.dir/src/modules/SX128x/SX128x.cpp.o\x1b[0m\n'}
[1.702344] (micro_ros_raspberrypicosdk) StdoutLine: {'line': b'[ 25%] \x1b[32mBuilding CXX object RadioLib/CMakeFiles/RadioLib.dir/src/modules/Si443x/Si4430.cpp.o\x1b[0m\n'}
[1.703266] (-) TimerEvent: {}
[1.753210] (micro_ros_raspberrypicosdk) StdoutLine: {'line': b'[ 25%] \x1b[32mBuilding CXX object RadioLib/CMakeFiles/RadioLib.dir/src/modules/Si443x/Si4431.cpp.o\x1b[0m\n'}
[1.760840] (micro_ros_raspberrypicosdk) StdoutLine: {'line': b'[ 26%] \x1b[32mBuilding CXX object RadioLib/CMakeFiles/RadioLib.dir/src/modules/Si443x/Si4432.cpp.o\x1b[0m\n'}
[1.771817] (micro_ros_raspberrypicosdk) StdoutLine: {'line': b'[ 27%] \x1b[32mBuilding CXX object RadioLib/CMakeFiles/RadioLib.dir/src/modules/Si443x/Si443x.cpp.o\x1b[0m\n'}
[1.777296] (micro_ros_raspberrypicosdk) StdoutLine: {'line': b'[ 27%] \x1b[32mBuilding CXX object RadioLib/CMakeFiles/RadioLib.dir/src/modules/nRF24/nRF24.cpp.o\x1b[0m\n'}
[1.803813] (-) TimerEvent: {}
[1.815481] (micro_ros_raspberrypicosdk) StdoutLine: {'line': b'[ 28%] \x1b[32mBuilding CXX object RadioLib/CMakeFiles/RadioLib.dir/src/protocols/AFSK/AFSK.cpp.o\x1b[0m\n'}
[1.833236] (micro_ros_raspberrypicosdk) StdoutLine: {'line': b'[ 28%] \x1b[32mBuilding CXX object RadioLib/CMakeFiles/RadioLib.dir/src/protocols/APRS/APRS.cpp.o\x1b[0m\n'}
[1.853941] (micro_ros_raspberrypicosdk) StdoutLine: {'line': b'[ 29%] \x1b[32mBuilding CXX object RadioLib/CMakeFiles/RadioLib.dir/src/protocols/AX25/AX25.cpp.o\x1b[0m\n'}
[1.867153] (micro_ros_raspberrypicosdk) StdoutLine: {'line': b'[ 30%] \x1b[32mBuilding CXX object RadioLib/CMakeFiles/RadioLib.dir/src/protocols/BellModem/BellModem.cpp.o\x1b[0m\n'}
[1.882982] (micro_ros_raspberrypicosdk) StdoutLine: {'line': b'[ 30%] \x1b[32mBuilding CXX object RadioLib/CMakeFiles/RadioLib.dir/src/protocols/ExternalRadio/ExternalRadio.cpp.o\x1b[0m\n'}
[1.903885] (-) TimerEvent: {}
[1.914603] (micro_ros_raspberrypicosdk) StdoutLine: {'line': b'[ 31%] \x1b[32mBuilding CXX object RadioLib/CMakeFiles/RadioLib.dir/src/protocols/FSK4/FSK4.cpp.o\x1b[0m\n'}
[1.987385] (micro_ros_raspberrypicosdk) StdoutLine: {'line': b'[ 32%] \x1b[32mBuilding CXX object RadioLib/CMakeFiles/RadioLib.dir/src/protocols/Hellschreiber/Hellschreiber.cpp.o\x1b[0m\n'}
[2.000477] (micro_ros_raspberrypicosdk) StdoutLine: {'line': b'[ 32%] \x1b[32mBuilding CXX object RadioLib/CMakeFiles/RadioLib.dir/src/protocols/LoRaWAN/LoRaWAN.cpp.o\x1b[0m\n'}
[2.004011] (-) TimerEvent: {}
[2.023458] (micro_ros_raspberrypicosdk) StdoutLine: {'line': b'[ 34%] \x1b[32mBuilding CXX object RadioLib/CMakeFiles/RadioLib.dir/src/protocols/LoRaWAN/LoRaWANBands.cpp.o\x1b[0m\n'}
[2.032034] (micro_ros_raspberrypicosdk) StdoutLine: {'line': b'[ 35%] \x1b[32mBuilding CXX object RadioLib/CMakeFiles/RadioLib.dir/src/protocols/Morse/Morse.cpp.o\x1b[0m\n'}
[2.045667] (micro_ros_raspberrypicosdk) StdoutLine: {'line': b'[ 35%] \x1b[32mBuilding CXX object RadioLib/CMakeFiles/RadioLib.dir/src/protocols/Pager/Pager.cpp.o\x1b[0m\n'}
[2.063251] (micro_ros_raspberrypicosdk) StdoutLine: {'line': b'[ 36%] \x1b[32mBuilding CXX object RadioLib/CMakeFiles/RadioLib.dir/src/protocols/PhysicalLayer/PhysicalLayer.cpp.o\x1b[0m\n'}
[2.104399] (-) TimerEvent: {}
[2.131241] (micro_ros_raspberrypicosdk) StdoutLine: {'line': b'[ 36%] \x1b[32mBuilding CXX object RadioLib/CMakeFiles/RadioLib.dir/src/protocols/Print/ITA2String.cpp.o\x1b[0m\n'}
[2.132849] (micro_ros_raspberrypicosdk) StdoutLine: {'line': b'[ 37%] \x1b[32mBuilding CXX object RadioLib/CMakeFiles/RadioLib.dir/src/protocols/Print/Print.cpp.o\x1b[0m\n'}
[2.204536] (-) TimerEvent: {}
[2.217394] (micro_ros_raspberrypicosdk) StdoutLine: {'line': b'[ 38%] \x1b[32mBuilding CXX object RadioLib/CMakeFiles/RadioLib.dir/src/protocols/RTTY/RTTY.cpp.o\x1b[0m\n'}
[2.217822] (micro_ros_raspberrypicosdk) StdoutLine: {'line': b'[ 38%] \x1b[32mBuilding CXX object RadioLib/CMakeFiles/RadioLib.dir/src/protocols/SSTV/SSTV.cpp.o\x1b[0m\n'}
[2.267480] (micro_ros_raspberrypicosdk) StdoutLine: {'line': b'[ 39%] \x1b[32mBuilding CXX object RadioLib/CMakeFiles/RadioLib.dir/src/utils/CRC.cpp.o\x1b[0m\n'}
[2.287593] (micro_ros_raspberrypicosdk) StdoutLine: {'line': b'[ 40%] \x1b[32mBuilding CXX object RadioLib/CMakeFiles/RadioLib.dir/src/utils/Cryptography.cpp.o\x1b[0m\n'}
[2.294323] (micro_ros_raspberrypicosdk) StdoutLine: {'line': b'[ 40%] \x1b[32mBuilding CXX object RadioLib/CMakeFiles/RadioLib.dir/src/utils/FEC.cpp.o\x1b[0m\n'}
[2.304667] (-) TimerEvent: {}
[2.315643] (micro_ros_raspberrypicosdk) StdoutLine: {'line': b'[ 41%] \x1b[32mBuilding CXX object RadioLib/CMakeFiles/RadioLib.dir/src/utils/Utils.cpp.o\x1b[0m\n'}
[2.404814] (-) TimerEvent: {}
[2.505171] (-) TimerEvent: {}
[2.605736] (-) TimerEvent: {}
[2.706079] (-) TimerEvent: {}
[2.806400] (-) TimerEvent: {}
[2.906743] (-) TimerEvent: {}
[3.007071] (-) TimerEvent: {}
[3.107409] (-) TimerEvent: {}
[3.207731] (-) TimerEvent: {}
[3.308055] (-) TimerEvent: {}
[3.408388] (-) TimerEvent: {}
[3.508682] (-) TimerEvent: {}
[3.608979] (-) TimerEvent: {}
[3.641512] (micro_ros_raspberrypicosdk) StdoutLine: {'line': b'[ 42%] \x1b[32m\x1b[1mLinking CXX static library libRadioLib.a\x1b[0m\n'}
[3.682026] (micro_ros_raspberrypicosdk) StdoutLine: {'line': b'[ 42%] Built target RadioLib\n'}
[3.709090] (-) TimerEvent: {}
[3.716357] (micro_ros_raspberrypicosdk) StdoutLine: {'line': b'[ 44%] \x1b[32mBuilding CXX object CMakeFiles/science.dir/RadioLib/src/hal/RPiPico/PicoHal.cpp.o\x1b[0m\n'}
[3.716609] (micro_ros_raspberrypicosdk) StdoutLine: {'line': b'[ 44%] \x1b[32mBuilding C object CMakeFiles/science.dir/pico_uart_transport.c.o\x1b[0m\n'}
[3.716700] (micro_ros_raspberrypicosdk) StdoutLine: {'line': b'[ 44%] \x1b[32mBuilding CXX object CMakeFiles/science.dir/science.cpp.o\x1b[0m\n'}
[3.716898] (micro_ros_raspberrypicosdk) StdoutLine: {'line': b'[ 45%] \x1b[32mBuilding C object CMakeFiles/science.dir/home/ryanjeronimus/.pico-sdk/sdk/2.2.0/src/rp2_common/pico_stdlib/stdlib.c.o\x1b[0m\n'}
[3.717005] (micro_ros_raspberrypicosdk) StdoutLine: {'line': b'[ 46%] \x1b[32mBuilding C object CMakeFiles/science.dir/home/ryanjeronimus/.pico-sdk/sdk/2.2.0/src/rp2_common/pico_platform_panic/panic.c.o\x1b[0m\n'}
[3.717098] (micro_ros_raspberrypicosdk) StdoutLine: {'line': b'[ 46%] \x1b[32mBuilding C object CMakeFiles/science.dir/home/ryanjeronimus/.pico-sdk/sdk/2.2.0/src/rp2_common/hardware_gpio/gpio.c.o\x1b[0m\n'}
[3.717181] (micro_ros_raspberrypicosdk) StdoutLine: {'line': b'[ 47%] \x1b[32mBuilding C object CMakeFiles/science.dir/home/ryanjeronimus/.pico-sdk/sdk/2.2.0/src/rp2_common/pico_platform_common/common.c.o\x1b[0m\n'}
[3.717261] (micro_ros_raspberrypicosdk) StdoutLine: {'line': b'[ 47%] \x1b[32mBuilding C object CMakeFiles/science.dir/home/ryanjeronimus/.pico-sdk/sdk/2.2.0/src/rp2350/pico_platform/platform.c.o\x1b[0m\n'}
[3.717364] (micro_ros_raspberrypicosdk) StdoutLine: {'line': b'[ 48%] \x1b[32mBuilding C object CMakeFiles/science.dir/home/ryanjeronimus/.pico-sdk/sdk/2.2.0/src/common/hardware_claim/claim.c.o\x1b[0m\n'}
[3.717505] (micro_ros_raspberrypicosdk) StdoutLine: {'line': b'[ 48%] \x1b[32mBuilding C object CMakeFiles/science.dir/home/ryanjeronimus/.pico-sdk/sdk/2.2.0/src/rp2_common/hardware_sync/sync.c.o\x1b[0m\n'}
[3.717652] (micro_ros_raspberrypicosdk) StdoutLine: {'line': b'[ 49%] \x1b[32mBuilding C object CMakeFiles/science.dir/home/ryanjeronimus/.pico-sdk/sdk/2.2.0/src/rp2_common/hardware_sync_spin_lock/sync_spin_lock.c.o\x1b[0m\n'}
[3.717850] (micro_ros_raspberrypicosdk) StdoutLine: {'line': b'[ 49%] \x1b[32mBuilding C object CMakeFiles/science.dir/home/ryanjeronimus/.pico-sdk/sdk/2.2.0/src/rp2_common/hardware_irq/irq.c.o\x1b[0m\n'}
[3.718302] (micro_ros_raspberrypicosdk) StdoutLine: {'line': b'[ 50%] \x1b[32mBuilding ASM object CMakeFiles/science.dir/home/ryanjeronimus/.pico-sdk/sdk/2.2.0/src/rp2_common/hardware_irq/irq_handler_chain.S.o\x1b[0m\n'}
[3.719005] (micro_ros_raspberrypicosdk) StdoutLine: {'line': b'[ 51%] \x1b[32mBuilding C object CMakeFiles/science.dir/home/ryanjeronimus/.pico-sdk/sdk/2.2.0/src/common/pico_sync/sem.c.o\x1b[0m\n'}
[3.725692] (micro_ros_raspberrypicosdk) StdoutLine: {'line': b'[ 52%] \x1b[32mBuilding C object CMakeFiles/science.dir/home/ryanjeronimus/.pico-sdk/sdk/2.2.0/src/common/pico_sync/mutex.c.o\x1b[0m\n'}
[3.727443] (micro_ros_raspberrypicosdk) StdoutLine: {'line': b'[ 52%] \x1b[32mBuilding C object CMakeFiles/science.dir/home/ryanjeronimus/.pico-sdk/sdk/2.2.0/src/common/pico_sync/lock_core.c.o\x1b[0m\n'}
[3.748863] (micro_ros_raspberrypicosdk) StdoutLine: {'line': b'[ 53%] \x1b[32mBuilding C object CMakeFiles/science.dir/home/ryanjeronimus/.pico-sdk/sdk/2.2.0/src/common/pico_sync/critical_section.c.o\x1b[0m\n'}
[3.774294] (micro_ros_raspberrypicosdk) StdoutLine: {'line': b'[ 53%] \x1b[32mBuilding C object CMakeFiles/science.dir/home/ryanjeronimus/.pico-sdk/sdk/2.2.0/src/common/pico_time/time.c.o\x1b[0m\n'}
[3.795387] (micro_ros_raspberrypicosdk) StdoutLine: {'line': b'[ 54%] \x1b[32mBuilding C object CMakeFiles/science.dir/home/ryanjeronimus/.pico-sdk/sdk/2.2.0/src/common/pico_time/timeout_helper.c.o\x1b[0m\n'}
[3.799405] (micro_ros_raspberrypicosdk) StdoutLine: {'line': b'[ 55%] \x1b[32mBuilding C object CMakeFiles/science.dir/home/ryanjeronimus/.pico-sdk/sdk/2.2.0/src/rp2_common/hardware_timer/timer.c.o\x1b[0m\n'}
[3.800571] (micro_ros_raspberrypicosdk) StdoutLine: {'line': b'[ 55%] \x1b[32mBuilding C object CMakeFiles/science.dir/home/ryanjeronimus/.pico-sdk/sdk/2.2.0/src/common/pico_util/datetime.c.o\x1b[0m\n'}
[3.809146] (micro_ros_raspberrypicosdk) StdoutLine: {'line': b'[ 56%] \x1b[32mBuilding C object CMakeFiles/science.dir/home/ryanjeronimus/.pico-sdk/sdk/2.2.0/src/common/pico_util/pheap.c.o\x1b[0m\n'}
[3.809437] (-) TimerEvent: {}
[3.822048] (micro_ros_raspberrypicosdk) StdoutLine: {'line': b'[ 56%] \x1b[32mBuilding C object CMakeFiles/science.dir/home/ryanjeronimus/.pico-sdk/sdk/2.2.0/src/common/pico_util/queue.c.o\x1b[0m\n'}
[3.823208] (micro_ros_raspberrypicosdk) StdoutLine: {'line': b'[ 57%] \x1b[32mBuilding C object CMakeFiles/science.dir/home/ryanjeronimus/.pico-sdk/sdk/2.2.0/src/rp2_common/hardware_uart/uart.c.o\x1b[0m\n'}
[3.834670] (micro_ros_raspberrypicosdk) StdoutLine: {'line': b'[ 58%] \x1b[32mBuilding C object CMakeFiles/science.dir/home/ryanjeronimus/.pico-sdk/sdk/2.2.0/src/rp2_common/hardware_clocks/clocks.c.o\x1b[0m\n'}
[3.847523] (micro_ros_raspberrypicosdk) StdoutLine: {'line': b'[ 58%] \x1b[32mBuilding C object CMakeFiles/science.dir/home/ryanjeronimus/.pico-sdk/sdk/2.2.0/src/rp2_common/hardware_pll/pll.c.o\x1b[0m\n'}
[3.851448] (micro_ros_raspberrypicosdk) StdoutLine: {'line': b'[ 59%] \x1b[32mBuilding C object CMakeFiles/science.dir/home/ryanjeronimus/.pico-sdk/sdk/2.2.0/src/rp2_common/hardware_vreg/vreg.c.o\x1b[0m\n'}
[3.899495] (micro_ros_raspberrypicosdk) StdoutLine: {'line': b'[ 60%] \x1b[32mBuilding C object CMakeFiles/science.dir/home/ryanjeronimus/.pico-sdk/sdk/2.2.0/src/rp2_common/hardware_watchdog/watchdog.c.o\x1b[0m\n'}
[3.909554] (micro_ros_raspberrypicosdk) StdoutLine: {'line': b'[ 60%] \x1b[32mBuilding C object CMakeFiles/science.dir/home/ryanjeronimus/.pico-sdk/sdk/2.2.0/src/rp2_common/hardware_ticks/ticks.c.o\x1b[0m\n'}
[3.909876] (-) TimerEvent: {}
[3.910493] (micro_ros_raspberrypicosdk) StdoutLine: {'line': b'[ 61%] \x1b[32mBuilding C object CMakeFiles/science.dir/home/ryanjeronimus/.pico-sdk/sdk/2.2.0/src/rp2_common/pico_bootrom/bootrom.c.o\x1b[0m\n'}
[3.913493] (micro_ros_raspberrypicosdk) StdoutLine: {'line': b'[ 62%] \x1b[32mBuilding C object CMakeFiles/science.dir/home/ryanjeronimus/.pico-sdk/sdk/2.2.0/src/rp2_common/pico_bootrom/bootrom_lock.c.o\x1b[0m\n'}
[3.933368] (micro_ros_raspberrypicosdk) StdoutLine: {'line': b'[ 62%] \x1b[32mBuilding C object CMakeFiles/science.dir/home/ryanjeronimus/.pico-sdk/sdk/2.2.0/src/rp2_common/hardware_boot_lock/boot_lock.c.o\x1b[0m\n'}
[3.942649] (micro_ros_raspberrypicosdk) StdoutLine: {'line': b'[ 63%] \x1b[32mBuilding C object CMakeFiles/science.dir/home/ryanjeronimus/.pico-sdk/sdk/2.2.0/src/rp2_common/pico_flash/flash.c.o\x1b[0m\n'}
[3.981434] (micro_ros_raspberrypicosdk) StdoutLine: {'line': b'[ 64%] \x1b[32mBuilding C object CMakeFiles/science.dir/home/ryanjeronimus/.pico-sdk/sdk/2.2.0/src/rp2_common/hardware_xosc/xosc.c.o\x1b[0m\n'}
[3.983266] (micro_ros_raspberrypicosdk) StdoutLine: {'line': b'[ 64%] \x1b[32mBuilding C object CMakeFiles/science.dir/home/ryanjeronimus/.pico-sdk/sdk/2.2.0/src/rp2_common/hardware_divider/divider.c.o\x1b[0m\n'}
[3.987618] (micro_ros_raspberrypicosdk) StdoutLine: {'line': b'[ 65%] \x1b[32mBuilding C object CMakeFiles/science.dir/home/ryanjeronimus/.pico-sdk/sdk/2.2.0/src/rp2_common/pico_runtime/runtime.c.o\x1b[0m\n'}
[3.991638] (micro_ros_raspberrypicosdk) StdoutLine: {'line': b'[ 65%] \x1b[32mBuilding C object CMakeFiles/science.dir/home/ryanjeronimus/.pico-sdk/sdk/2.2.0/src/rp2_common/pico_runtime_init/runtime_init.c.o\x1b[0m\n'}
[4.003066] (micro_ros_raspberrypicosdk) StdoutLine: {'line': b'[ 67%] \x1b[32mBuilding C object CMakeFiles/science.dir/home/ryanjeronimus/.pico-sdk/sdk/2.2.0/src/rp2_common/pico_runtime_init/runtime_init_clocks.c.o\x1b[0m\n'}
[4.010007] (-) TimerEvent: {}
[4.018473] (micro_ros_raspberrypicosdk) StdoutLine: {'line': b'[ 68%] \x1b[32mBuilding C object CMakeFiles/science.dir/home/ryanjeronimus/.pico-sdk/sdk/2.2.0/src/rp2_common/pico_runtime_init/runtime_init_stack_guard.c.o\x1b[0m\n'}
[4.039345] (micro_ros_raspberrypicosdk) StdoutLine: {'line': b'[ 68%] \x1b[32mBuilding ASM object CMakeFiles/science.dir/home/ryanjeronimus/.pico-sdk/sdk/2.2.0/src/rp2_common/pico_bit_ops/bit_ops_aeabi.S.o\x1b[0m\n'}
[4.051249] (micro_ros_raspberrypicosdk) StdoutLine: {'line': b'[ 69%] \x1b[32mBuilding C object CMakeFiles/science.dir/home/ryanjeronimus/.pico-sdk/sdk/2.2.0/src/rp2_common/pico_divider/divider_compiler.c.o\x1b[0m\n'}
[4.055390] (micro_ros_raspberrypicosdk) StdoutLine: {'line': b'[ 70%] \x1b[32mBuilding C object CMakeFiles/science.dir/home/ryanjeronimus/.pico-sdk/sdk/2.2.0/src/rp2_common/pico_double/double_math.c.o\x1b[0m\n'}
[4.059376] (micro_ros_raspberrypicosdk) StdoutLine: {'line': b'[ 70%] \x1b[32mBuilding ASM object CMakeFiles/science.dir/home/ryanjeronimus/.pico-sdk/sdk/2.2.0/src/rp2_common/pico_double/double_aeabi_dcp.S.o\x1b[0m\n'}
[4.059653] (micro_ros_raspberrypicosdk) StdoutLine: {'line': b'[ 71%] \x1b[32mBuilding ASM object CMakeFiles/science.dir/home/ryanjeronimus/.pico-sdk/sdk/2.2.0/src/rp2_common/pico_double/double_fma_dcp.S.o\x1b[0m\n'}
[4.067896] (micro_ros_raspberrypicosdk) StdoutLine: {'line': b'[ 72%] \x1b[32mBuilding ASM object CMakeFiles/science.dir/home/ryanjeronimus/.pico-sdk/sdk/2.2.0/src/rp2_common/pico_double/double_sci_m33.S.o\x1b[0m\n'}
[4.072277] (micro_ros_raspberrypicosdk) StdoutLine: {'line': b'[ 72%] \x1b[32mBuilding ASM object CMakeFiles/science.dir/home/ryanjeronimus/.pico-sdk/sdk/2.2.0/src/rp2_common/pico_double/double_conv_m33.S.o\x1b[0m\n'}
[4.078277] (micro_ros_raspberrypicosdk) StdoutLine: {'line': b'[ 73%] \x1b[32mBuilding C object CMakeFiles/science.dir/home/ryanjeronimus/.pico-sdk/sdk/2.2.0/src/rp2_common/pico_float/float_math.c.o\x1b[0m\n'}
[4.095524] (micro_ros_raspberrypicosdk) StdoutLine: {'line': b'[ 73%] \x1b[32mBuilding ASM object CMakeFiles/science.dir/home/ryanjeronimus/.pico-sdk/sdk/2.2.0/src/rp2_common/pico_float/float_common_m33.S.o\x1b[0m\n'}
[4.095839] (micro_ros_raspberrypicosdk) StdoutLine: {'line': b'[ 74%] \x1b[32mBuilding ASM object CMakeFiles/science.dir/home/ryanjeronimus/.pico-sdk/sdk/2.2.0/src/rp2_common/pico_float/float_conv32_vfp.S.o\x1b[0m\n'}
[4.099656] (micro_ros_raspberrypicosdk) StdoutLine: {'line': b'[ 74%] \x1b[32mBuilding C object CMakeFiles/science.dir/home/ryanjeronimus/.pico-sdk/sdk/2.2.0/src/rp2_common/pico_malloc/malloc.c.o\x1b[0m\n'}
[4.101217] (micro_ros_raspberrypicosdk) StdoutLine: {'line': b'[ 76%] \x1b[32mBuilding C object CMakeFiles/science.dir/home/ryanjeronimus/.pico-sdk/sdk/2.2.0/src/rp2_common/pico_atomic/atomic.c.o\x1b[0m\n'}
[4.101435] (micro_ros_raspberrypicosdk) StdoutLine: {'line': b'[ 76%] \x1b[32mBuilding ASM object CMakeFiles/science.dir/home/ryanjeronimus/.pico-sdk/sdk/2.2.0/src/rp2_common/pico_float/float_sci_m33_vfp.S.o\x1b[0m\n'}
[4.110246] (-) TimerEvent: {}
[4.113045] (micro_ros_raspberrypicosdk) StdoutLine: {'line': b'[ 77%] \x1b[32mBuilding CXX object CMakeFiles/science.dir/home/ryanjeronimus/.pico-sdk/sdk/2.2.0/src/rp2_common/pico_cxx_options/new_delete.cpp.o\x1b[0m\n'}
[4.124608] (micro_ros_raspberrypicosdk) StdoutLine: {'line': b'[ 78%] \x1b[32mBuilding C object CMakeFiles/science.dir/home/ryanjeronimus/.pico-sdk/sdk/2.2.0/src/rp2_common/pico_printf/printf.c.o\x1b[0m\n'}
[4.125025] (micro_ros_raspberrypicosdk) StdoutLine: {'line': b'[ 78%] \x1b[32mBuilding C object CMakeFiles/science.dir/home/ryanjeronimus/.pico-sdk/sdk/2.2.0/src/rp2_common/pico_standard_binary_info/standard_binary_info.c.o\x1b[0m\n'}
[4.126184] (micro_ros_raspberrypicosdk) StdoutLine: {'line': b'[ 79%] \x1b[32mBuilding ASM object CMakeFiles/science.dir/home/ryanjeronimus/.pico-sdk/sdk/2.2.0/src/rp2_common/pico_crt0/crt0.S.o\x1b[0m\n'}
[4.131545] (micro_ros_raspberrypicosdk) StdoutLine: {'line': b'[ 79%] \x1b[32mBuilding C object CMakeFiles/science.dir/home/ryanjeronimus/.pico-sdk/sdk/2.2.0/src/rp2_common/pico_clib_interface/newlib_interface.c.o\x1b[0m\n'}
[4.136881] (micro_ros_raspberrypicosdk) StdoutLine: {'line': b'[ 80%] \x1b[32mBuilding C object CMakeFiles/science.dir/home/ryanjeronimus/.pico-sdk/sdk/2.2.0/src/rp2_common/pico_stdio/stdio.c.o\x1b[0m\n'}
[4.142329] (micro_ros_raspberrypicosdk) StdoutLine: {'line': b'[ 81%] \x1b[32mBuilding C object CMakeFiles/science.dir/home/ryanjeronimus/.pico-sdk/sdk/2.2.0/src/rp2_common/pico_stdio_usb/reset_interface.c.o\x1b[0m\n'}
[4.164230] (micro_ros_raspberrypicosdk) StdoutLine: {'line': b'[ 81%] \x1b[32mBuilding C object CMakeFiles/science.dir/home/ryanjeronimus/.pico-sdk/sdk/2.2.0/src/rp2_common/pico_stdio_usb/stdio_usb.c.o\x1b[0m\n'}
[4.180433] (micro_ros_raspberrypicosdk) StdoutLine: {'line': b'[ 82%] \x1b[32mBuilding C object CMakeFiles/science.dir/home/ryanjeronimus/.pico-sdk/sdk/2.2.0/src/rp2_common/pico_stdio_usb/stdio_usb_descriptors.c.o\x1b[0m\n'}
[4.183535] (micro_ros_raspberrypicosdk) StdoutLine: {'line': b'[ 82%] \x1b[32mBuilding C object CMakeFiles/science.dir/home/ryanjeronimus/.pico-sdk/sdk/2.2.0/src/rp2_common/pico_unique_id/unique_id.c.o\x1b[0m\n'}
[4.191402] (micro_ros_raspberrypicosdk) StdoutLine: {'line': b'[ 83%] \x1b[32mBuilding C object CMakeFiles/science.dir/home/ryanjeronimus/.pico-sdk/sdk/2.2.0/src/rp2_common/hardware_flash/flash.c.o\x1b[0m\n'}
[4.196744] (micro_ros_raspberrypicosdk) StdoutLine: {'line': b'[ 84%] \x1b[32mBuilding C object CMakeFiles/science.dir/home/ryanjeronimus/.pico-sdk/sdk/2.2.0/src/rp2_common/hardware_xip_cache/xip_cache.c.o\x1b[0m\n'}
[4.206524] (micro_ros_raspberrypicosdk) StdoutLine: {'line': b'[ 84%] \x1b[32mBuilding C object CMakeFiles/science.dir/home/ryanjeronimus/.pico-sdk/sdk/2.2.0/lib/tinyusb/src/portable/raspberrypi/rp2040/dcd_rp2040.c.o\x1b[0m\n'}
[4.210372] (-) TimerEvent: {}
[4.211505] (micro_ros_raspberrypicosdk) StdoutLine: {'line': b'[ 85%] \x1b[32mBuilding C object CMakeFiles/science.dir/home/ryanjeronimus/.pico-sdk/sdk/2.2.0/lib/tinyusb/src/portable/raspberrypi/rp2040/rp2040_usb.c.o\x1b[0m\n'}
[4.226056] (micro_ros_raspberrypicosdk) StdoutLine: {'line': b'[ 86%] \x1b[32mBuilding C object CMakeFiles/science.dir/home/ryanjeronimus/.pico-sdk/sdk/2.2.0/lib/tinyusb/src/device/usbd.c.o\x1b[0m\n'}
[4.268474] (micro_ros_raspberrypicosdk) StdoutLine: {'line': b'[ 86%] \x1b[32mBuilding C object CMakeFiles/science.dir/home/ryanjeronimus/.pico-sdk/sdk/2.2.0/lib/tinyusb/src/device/usbd_control.c.o\x1b[0m\n'}
[4.287353] (micro_ros_raspberrypicosdk) StdoutLine: {'line': b'[ 87%] \x1b[32mBuilding C object CMakeFiles/science.dir/home/ryanjeronimus/.pico-sdk/sdk/2.2.0/lib/tinyusb/src/class/audio/audio_device.c.o\x1b[0m\n'}
[4.306567] (micro_ros_raspberrypicosdk) StdoutLine: {'line': b'[ 88%] \x1b[32mBuilding C object CMakeFiles/science.dir/home/ryanjeronimus/.pico-sdk/sdk/2.2.0/lib/tinyusb/src/class/cdc/cdc_device.c.o\x1b[0m\n'}
[4.307025] (micro_ros_raspberrypicosdk) StdoutLine: {'line': b'[ 88%] \x1b[32mBuilding C object CMakeFiles/science.dir/home/ryanjeronimus/.pico-sdk/sdk/2.2.0/lib/tinyusb/src/class/dfu/dfu_device.c.o\x1b[0m\n'}
[4.307820] (micro_ros_raspberrypicosdk) StdoutLine: {'line': b'[ 89%] \x1b[32mBuilding C object CMakeFiles/science.dir/home/ryanjeronimus/.pico-sdk/sdk/2.2.0/lib/tinyusb/src/class/dfu/dfu_rt_device.c.o\x1b[0m\n'}
[4.310477] (-) TimerEvent: {}
[4.313486] (micro_ros_raspberrypicosdk) StdoutLine: {'line': b'[ 90%] \x1b[32mBuilding C object CMakeFiles/science.dir/home/ryanjeronimus/.pico-sdk/sdk/2.2.0/lib/tinyusb/src/class/hid/hid_device.c.o\x1b[0m\n'}
[4.352376] (micro_ros_raspberrypicosdk) StdoutLine: {'line': b'[ 90%] \x1b[32mBuilding C object CMakeFiles/science.dir/home/ryanjeronimus/.pico-sdk/sdk/2.2.0/lib/tinyusb/src/class/midi/midi_device.c.o\x1b[0m\n'}
[4.353112] (micro_ros_raspberrypicosdk) StdoutLine: {'line': b'[ 91%] \x1b[32mBuilding C object CMakeFiles/science.dir/home/ryanjeronimus/.pico-sdk/sdk/2.2.0/lib/tinyusb/src/class/msc/msc_device.c.o\x1b[0m\n'}
[4.373273] (micro_ros_raspberrypicosdk) StdoutLine: {'line': b'[ 91%] \x1b[32mBuilding C object CMakeFiles/science.dir/home/ryanjeronimus/.pico-sdk/sdk/2.2.0/lib/tinyusb/src/class/net/ecm_rndis_device.c.o\x1b[0m\n'}
[4.379274] (micro_ros_raspberrypicosdk) StdoutLine: {'line': b'[ 92%] \x1b[32mBuilding C object CMakeFiles/science.dir/home/ryanjeronimus/.pico-sdk/sdk/2.2.0/lib/tinyusb/src/class/net/ncm_device.c.o\x1b[0m\n'}
[4.384436] (micro_ros_raspberrypicosdk) StdoutLine: {'line': b'[ 93%] \x1b[32mBuilding C object CMakeFiles/science.dir/home/ryanjeronimus/.pico-sdk/sdk/2.2.0/lib/tinyusb/src/class/usbtmc/usbtmc_device.c.o\x1b[0m\n'}
[4.401621] (micro_ros_raspberrypicosdk) StdoutLine: {'line': b'[ 93%] \x1b[32mBuilding C object CMakeFiles/science.dir/home/ryanjeronimus/.pico-sdk/sdk/2.2.0/lib/tinyusb/src/class/vendor/vendor_device.c.o\x1b[0m\n'}
[4.410607] (-) TimerEvent: {}
[4.428463] (micro_ros_raspberrypicosdk) StdoutLine: {'line': b'[ 94%] \x1b[32mBuilding C object CMakeFiles/science.dir/home/ryanjeronimus/.pico-sdk/sdk/2.2.0/lib/tinyusb/src/class/video/video_device.c.o\x1b[0m\n'}
[4.428760] (micro_ros_raspberrypicosdk) StdoutLine: {'line': b'[ 95%] \x1b[32mBuilding C object CMakeFiles/science.dir/home/ryanjeronimus/.pico-sdk/sdk/2.2.0/lib/tinyusb/src/tusb.c.o\x1b[0m\n'}
[4.433567] (micro_ros_raspberrypicosdk) StdoutLine: {'line': b'[ 95%] \x1b[32mBuilding C object CMakeFiles/science.dir/home/ryanjeronimus/.pico-sdk/sdk/2.2.0/lib/tinyusb/src/common/tusb_fifo.c.o\x1b[0m\n'}
[4.437192] (micro_ros_raspberrypicosdk) StdoutLine: {'line': b'[ 97%] \x1b[32mBuilding C object CMakeFiles/science.dir/home/ryanjeronimus/.pico-sdk/sdk/2.2.0/src/rp2_common/pico_fix/rp2040_usb_device_enumeration/rp2040_usb_device_enumeration.c.o\x1b[0m\n'}
[4.437575] (micro_ros_raspberrypicosdk) StdoutLine: {'line': b'[ 97%] \x1b[32mBuilding C object CMakeFiles/science.dir/home/ryanjeronimus/.pico-sdk/sdk/2.2.0/src/rp2_common/hardware_spi/spi.c.o\x1b[0m\n'}
[4.440532] (micro_ros_raspberrypicosdk) StdoutLine: {'line': b'[ 97%] \x1b[32mBuilding C object CMakeFiles/science.dir/home/ryanjeronimus/.pico-sdk/sdk/2.2.0/src/rp2_common/hardware_i2c/i2c.c.o\x1b[0m\n'}
[4.448081] (micro_ros_raspberrypicosdk) StdoutLine: {'line': b'[ 98%] \x1b[32mBuilding C object CMakeFiles/science.dir/home/ryanjeronimus/.pico-sdk/sdk/2.2.0/src/rp2_common/pico_multicore/multicore.c.o\x1b[0m\n'}
[4.510727] (-) TimerEvent: {}
[4.611142] (-) TimerEvent: {}
[4.711499] (-) TimerEvent: {}
[4.744226] (micro_ros_raspberrypicosdk) StdoutLine: {'line': b'[100%] \x1b[32m\x1b[1mLinking CXX executable science.elf\x1b[0m\n'}
[4.811636] (-) TimerEvent: {}
[4.884624] (micro_ros_raspberrypicosdk) StdoutLine: {'line': b'[100%] Built target science\n'}
[4.891183] (micro_ros_raspberrypicosdk) CommandEnded: {'returncode': 0}
[4.892913] (micro_ros_raspberrypicosdk) JobProgress: {'identifier': 'micro_ros_raspberrypicosdk', 'progress': 'install'}
[4.895759] (micro_ros_raspberrypicosdk) Command: {'cmd': ['/home/ryanjeronimus/.pico-sdk/cmake/v3.31.5/bin/cmake', '--install', '/home/ryanjeronimus/github/pico_comms/build/micro_ros_raspberrypicosdk'], 'cwd': '/home/ryanjeronimus/github/pico_comms/build/micro_ros_raspberrypicosdk', 'env': OrderedDict({'PYTHON_BASIC_REPL': '1', 'LESSOPEN': '| /usr/bin/lesspipe %s', 'GZ_SIM_RESOURCE_PATH': '/opt/ros/jazzy/share', 'USER': 'ryanjeronimus', 'GZ_CONFIG_PATH': '/opt/ros/jazzy/opt/gz_sim_vendor/share/gz:/opt/ros/jazzy/opt/sdformat_vendor/share/gz:/opt/ros/jazzy/opt/gz_gui_vendor/share/gz:/opt/ros/jazzy/opt/gz_transport_vendor/share/gz:/opt/ros/jazzy/opt/gz_rendering_vendor/share/gz:/opt/ros/jazzy/opt/gz_plugin_vendor/share/gz:/opt/ros/jazzy/opt/gz_fuel_tools_vendor/share/gz:/opt/ros/jazzy/opt/gz_msgs_vendor/share/gz:/opt/ros/jazzy/opt/gz_common_vendor/share/gz', 'XDG_SESSION_TYPE': 'wayland', 'GIT_ASKPASS': '/usr/share/code/resources/app/extensions/git/dist/askpass.sh', 'SHLVL': '2', 'LD_LIBRARY_PATH': '/opt/ros/jazzy/opt/gz_sim_vendor/lib:/opt/ros/jazzy/opt/gz_sensors_vendor/lib:/opt/ros/jazzy/opt/gz_physics_vendor/lib:/opt/ros/jazzy/opt/sdformat_vendor/lib:/opt/ros/jazzy/opt/rviz_ogre_vendor/lib:/opt/ros/jazzy/lib/x86_64-linux-gnu:/opt/ros/jazzy/opt/gz_gui_vendor/lib:/opt/ros/jazzy/opt/gz_transport_vendor/lib:/opt/ros/jazzy/opt/gz_rendering_vendor/lib:/opt/ros/jazzy/opt/gz_plugin_vendor/lib:/opt/ros/jazzy/opt/gz_fuel_tools_vendor/lib:/opt/ros/jazzy/opt/gz_msgs_vendor/lib:/opt/ros/jazzy/opt/gz_common_vendor/lib:/opt/ros/jazzy/opt/gz_math_vendor/lib:/opt/ros/jazzy/opt/gz_utils_vendor/lib:/opt/ros/jazzy/opt/gz_tools_vendor/lib:/opt/ros/jazzy/opt/gz_ogre_next_vendor/lib:/opt/ros/jazzy/opt/gz_dartsim_vendor/lib:/opt/ros/jazzy/opt/gz_cmake_vendor/lib:/opt/ros/jazzy/lib', 'HOME': '/home/ryanjeronimus', 'CHROME_DESKTOP': 'code.desktop', 'OLDPWD': '/home/ryanjeronimus', 'TERM_PROGRAM_VERSION': '1.107.0', 'DESKTOP_SESSION': 'ubuntu', 'ROS_PYTHON_VERSION': '3', 'GNOME_SHELL_SESSION_MODE': 'ubuntu', 'GTK_MODULES': 'gail:atk-bridge', 'VSCODE_GIT_ASKPASS_MAIN': '/usr/share/code/resources/app/extensions/git/dist/askpass-main.js', 'VSCODE_GIT_ASKPASS_NODE': '/usr/share/code/code', 'SYSTEMD_EXEC_PID': '3815', 'VSCODE_PYTHON_AUTOACTIVATE_GUARD': '1', 'GSM_SKIP_SSH_AGENT_WORKAROUND': 'true', 'DBUS_SESSION_BUS_ADDRESS': 'unix:path=/run/user/1000/bus', 'COLORTERM': 'truecolor', 'GNOME_KEYRING_CONTROL': '/run/user/1000/keyring', 'DEBUGINFOD_URLS': 'https://debuginfod.ubuntu.com', 'PICO_TOOLCHAIN_PATH': '/home/ryanjeronimus/.pico-sdk/toolchain/14_2_Rel1', 'IM_CONFIG_PHASE': '1', 'WAYLAND_DISPLAY': 'wayland-0', 'ROS_DISTRO': 'jazzy', 'LOGNAME': 'ryanjeronimus', '_': '/usr/bin/colcon', 'ROS_VERSION': '2', 'MEMORY_PRESSURE_WATCH': '/sys/fs/cgroup/user.slice/user-1000.slice/user@1000.service/session.slice/org.gnome.SettingsDaemon.MediaKeys.service/memory.pressure', 'XDG_SESSION_CLASS': 'user', 'USERNAME': 'ryanjeronimus', 'TERM': 'xterm-256color', 'GNOME_DESKTOP_SESSION_ID': 'this-is-deprecated', 'FC_FONTATIONS': '1', 'PATH': '/home/ryanjeronimus/.pico-sdk/toolchain/14_2_Rel1/bin:/home/ryanjeronimus/.pico-sdk/picotool/2.2.0-a4/picotool:/home/ryanjeronimus/.pico-sdk/cmake/v3.31.5/bin:/home/ryanjeronimus/.pico-sdk/ninja/v1.12.1:/opt/ros/jazzy/opt/gz_msgs_vendor/bin:/opt/ros/jazzy/opt/gz_tools_vendor/bin:/opt/ros/jazzy/opt/gz_ogre_next_vendor/bin:/opt/ros/jazzy/bin:/usr/local/sbin:/usr/local/bin:/usr/sbin:/usr/bin:/sbin:/bin:/usr/games:/usr/local/games:/snap/bin:/snap/bin', 'SESSION_MANAGER': 'local/benson:@/tmp/.ICE-unix/3578,unix/benson:/tmp/.ICE-unix/3578', 'XDG_MENU_PREFIX': 'gnome-', 'GNOME_TERMINAL_SCREEN': '/org/gnome/Terminal/screen/efae4063_ed84_4724_a431_315111983be0', 'GNOME_SETUP_DISPLAY': ':1', 'XDG_RUNTIME_DIR': '/run/user/1000', 'GDK_BACKEND': 'wayland', 'DISPLAY': ':0', 'LANG': 'en_US.UTF-8', 'XDG_CURRENT_DESKTOP': 'ubuntu:GNOME', 'PYTHONSTARTUP': '/home/ryanjeronimus/.config/Code/User/workspaceStorage/9a78ba7ea5665548723134621e3fefd0/ms-python.python/pythonrc.py', 'XMODIFIERS': '@im=ibus', 'XDG_SESSION_DESKTOP': 'ubuntu', 'XAUTHORITY': '/run/user/1000/.mutter-Xwaylandauth.969PL3', 'LS_COLORS': 'rs=0:di=01;34:ln=01;36:mh=00:pi=40;33:so=01;35:do=01;35:bd=40;33;01:cd=40;33;01:or=40;31;01:mi=00:su=37;41:sg=30;43:ca=00:tw=30;42:ow=34;42:st=37;44:ex=01;32:*.tar=01;31:*.tgz=01;31:*.arc=01;31:*.arj=01;31:*.taz=01;31:*.lha=01;31:*.lz4=01;31:*.lzh=01;31:*.lzma=01;31:*.tlz=01;31:*.txz=01;31:*.tzo=01;31:*.t7z=01;31:*.zip=01;31:*.z=01;31:*.dz=01;31:*.gz=01;31:*.lrz=01;31:*.lz=01;31:*.lzo=01;31:*.xz=01;31:*.zst=01;31:*.tzst=01;31:*.bz2=01;31:*.bz=01;31:*.tbz=01;31:*.tbz2=01;31:*.tz=01;31:*.deb=01;31:*.rpm=01;31:*.jar=01;31:*.war=01;31:*.ear=01;31:*.sar=01;31:*.rar=01;31:*.alz=01;31:*.ace=01;31:*.zoo=01;31:*.cpio=01;31:*.7z=01;31:*.rz=01;31:*.cab=01;31:*.wim=01;31:*.swm=01;31:*.dwm=01;31:*.esd=01;31:*.avif=01;35:*.jpg=01;35:*.jpeg=01;35:*.mjpg=01;35:*.mjpeg=01;35:*.gif=01;35:*.bmp=01;35:*.pbm=01;35:*.pgm=01;35:*.ppm=01;35:*.tga=01;35:*.xbm=01;35:*.xpm=01;35:*.tif=01;35:*.tiff=01;35:*.png=01;35:*.svg=01;35:*.svgz=01;35:*.mng=01;35:*.pcx=01;35:*.mov=01;35:*.mpg=01;35:*.mpeg=01;35:*.m2v=01;35:*.mkv=01;35:*.webm=01;35:*.webp=01;35:*.ogm=01;35:*.mp4=01;35:*.m4v=01;35:*.mp4v=01;35:*.vob=01;35:*.qt=01;35:*.nuv=01;35:*.wmv=01;35:*.asf=01;35:*.rm=01;35:*.rmvb=01;35:*.flc=01;35:*.avi=01;35:*.fli=01;35:*.flv=01;35:*.gl=01;35:*.dl=01;35:*.xcf=01;35:*.xwd=01;35:*.yuv=01;35:*.cgm=01;35:*.emf=01;35:*.ogv=01;35:*.ogx=01;35:*.aac=00;36:*.au=00;36:*.flac=00;36:*.m4a=00;36:*.mid=00;36:*.midi=00;36:*.mka=00;36:*.mp3=00;36:*.mpc=00;36:*.ogg=00;36:*.ra=00;36:*.wav=00;36:*.oga=00;36:*.opus=00;36:*.spx=00;36:*.xspf=00;36:*~=00;90:*#=00;90:*.bak=00;90:*.crdownload=00;90:*.dpkg-dist=00;90:*.dpkg-new=00;90:*.dpkg-old=00;90:*.dpkg-tmp=00;90:*.old=00;90:*.orig=00;90:*.part=00;90:*.rej=00;90:*.rpmnew=00;90:*.rpmorig=00;90:*.rpmsave=00;90:*.swp=00;90:*.tmp=00;90:*.ucf-dist=00;90:*.ucf-new=00;90:*.ucf-old=00;90:', 'VSCODE_GIT_IPC_HANDLE': '/run/user/1000/vscode-git-9705e302b8.sock', 'GNOME_TERMINAL_SERVICE': ':1.101', 'TERM_PROGRAM': 'vscode', 'SSH_AUTH_SOCK': '/run/user/1000/keyring/ssh', 'AMENT_PREFIX_PATH': '/opt/ros/jazzy', 'SHELL': '/bin/bash', 'QT_ACCESSIBILITY': '1', 'GDMSESSION': 'ubuntu', 'LESSCLOSE': '/usr/bin/lesspipe %s %s', 'ROS_AUTOMATIC_DISCOVERY_RANGE': 'SUBNET', 'VSCODE_GIT_ASKPASS_EXTRA_ARGS': '', 'QT_IM_MODULE': 'ibus', 'PWD': '/home/ryanjeronimus/github/pico_comms/build/micro_ros_raspberrypicosdk', 'LC_ALL': 'en_US.UTF-8', 'XDG_CONFIG_DIRS': '/etc/xdg/xdg-ubuntu:/etc/xdg', 'PICO_SDK_PATH': '/home/ryanjeronimus/.pico-sdk/sdk/2.2.0', 'XDG_DATA_DIRS': '/usr/share/ubuntu:/usr/share/gnome:/usr/local/share/:/usr/share/:/var/lib/snapd/desktop', 'PYTHONPATH': '/opt/ros/jazzy/lib/python3.12/site-packages', 'COLCON': '1', 'MEMORY_PRESSURE_WRITE': 'c29tZSAyMDAwMDAgMjAwMDAwMAA=', 'VTE_VERSION': '7600', 'CMAKE_PREFIX_PATH': '/opt/ros/jazzy/opt/gz_sim_vendor:/opt/ros/jazzy/opt/gz_sensors_vendor:/opt/ros/jazzy/opt/gz_physics_vendor:/opt/ros/jazzy/opt/sdformat_vendor:/opt/ros/jazzy/opt/gz_gui_vendor:/opt/ros/jazzy/opt/gz_transport_vendor:/opt/ros/jazzy/opt/gz_rendering_vendor:/opt/ros/jazzy/opt/gz_plugin_vendor:/opt/ros/jazzy/opt/gz_fuel_tools_vendor:/opt/ros/jazzy/opt/gz_msgs_vendor:/opt/ros/jazzy/opt/gz_common_vendor:/opt/ros/jazzy/opt/gz_math_vendor:/opt/ros/jazzy/opt/gz_utils_vendor:/opt/ros/jazzy/opt/gz_tools_vendor:/opt/ros/jazzy/opt/gz_ogre_next_vendor:/opt/ros/jazzy/opt/gz_dartsim_vendor:/opt/ros/jazzy/opt/gz_cmake_vendor'}), 'shell': False}
[4.898035] (micro_ros_raspberrypicosdk) StdoutLine: {'line': b'-- Install configuration: "Release"\n'}
[4.906327] (micro_ros_raspberrypicosdk) StdoutLine: {'line': b'-- Installing: /home/ryanjeronimus/github/pico_comms/install/micro_ros_raspberrypicosdk/lib/libRadioLib.a\n'}
[4.909654] (micro_ros_raspberrypicosdk) StdoutLine: {'line': b'-- Installing: /home/ryanjeronimus/github/pico_comms/install/micro_ros_raspberrypicosdk/include/RadioLib\n'}
[4.909848] (micro_ros_raspberrypicosdk) StdoutLine: {'line': b'-- Installing: /home/ryanjeronimus/github/pico_comms/install/micro_ros_raspberrypicosdk/include/RadioLib/utils\n'}
[4.909973] (micro_ros_raspberrypicosdk) StdoutLine: {'line': b'-- Installing: /home/ryanjeronimus/github/pico_comms/install/micro_ros_raspberrypicosdk/include/RadioLib/utils/FEC.h\n'}
[4.910133] (micro_ros_raspberrypicosdk) StdoutLine: {'line': b'-- Installing: /home/ryanjeronimus/github/pico_comms/install/micro_ros_raspberrypicosdk/include/RadioLib/utils/CRC.h\n'}
[4.910276] (micro_ros_raspberrypicosdk) StdoutLine: {'line': b'-- Installing: /home/ryanjeronimus/github/pico_comms/install/micro_ros_raspberrypicosdk/include/RadioLib/utils/Utils.h\n'}
[4.910414] (micro_ros_raspberrypicosdk) StdoutLine: {'line': b'-- Installing: /home/ryanjeronimus/github/pico_comms/install/micro_ros_raspberrypicosdk/include/RadioLib/utils/Cryptography.h\n'}
[4.910538] (micro_ros_raspberrypicosdk) StdoutLine: {'line': b'-- Installing: /home/ryanjeronimus/github/pico_comms/install/micro_ros_raspberrypicosdk/include/RadioLib/protocols\n'}
[4.910626] (micro_ros_raspberrypicosdk) StdoutLine: {'line': b'-- Installing: /home/ryanjeronimus/github/pico_comms/install/micro_ros_raspberrypicosdk/include/RadioLib/protocols/Print\n'}
[4.910702] (micro_ros_raspberrypicosdk) StdoutLine: {'line': b'-- Installing: /home/ryanjeronimus/github/pico_comms/install/micro_ros_raspberrypicosdk/include/RadioLib/protocols/Print/ITA2String.h\n'}
[4.910759] (micro_ros_raspberrypicosdk) StdoutLine: {'line': b'-- Installing: /home/ryanjeronimus/github/pico_comms/install/micro_ros_raspberrypicosdk/include/RadioLib/protocols/Print/Print.h\n'}
[4.910807] (micro_ros_raspberrypicosdk) StdoutLine: {'line': b'-- Installing: /home/ryanjeronimus/github/pico_comms/install/micro_ros_raspberrypicosdk/include/RadioLib/protocols/AX25\n'}
[4.910855] (micro_ros_raspberrypicosdk) StdoutLine: {'line': b'-- Installing: /home/ryanjeronimus/github/pico_comms/install/micro_ros_raspberrypicosdk/include/RadioLib/protocols/AX25/AX25.h\n'}
[4.910902] (micro_ros_raspberrypicosdk) StdoutLine: {'line': b'-- Installing: /home/ryanjeronimus/github/pico_comms/install/micro_ros_raspberrypicosdk/include/RadioLib/protocols/ExternalRadio\n'}
[4.910980] (micro_ros_raspberrypicosdk) StdoutLine: {'line': b'-- Installing: /home/ryanjeronimus/github/pico_comms/install/micro_ros_raspberrypicosdk/include/RadioLib/protocols/ExternalRadio/ExternalRadio.h\n'}
[4.911042] (micro_ros_raspberrypicosdk) StdoutLine: {'line': b'-- Installing: /home/ryanjeronimus/github/pico_comms/install/micro_ros_raspberrypicosdk/include/RadioLib/protocols/Pager\n'}
[4.911088] (micro_ros_raspberrypicosdk) StdoutLine: {'line': b'-- Installing: /home/ryanjeronimus/github/pico_comms/install/micro_ros_raspberrypicosdk/include/RadioLib/protocols/Pager/Pager.h\n'}
[4.911134] (micro_ros_raspberrypicosdk) StdoutLine: {'line': b'-- Installing: /home/ryanjeronimus/github/pico_comms/install/micro_ros_raspberrypicosdk/include/RadioLib/protocols/RTTY\n'}
[4.911182] (micro_ros_raspberrypicosdk) StdoutLine: {'line': b'-- Installing: /home/ryanjeronimus/github/pico_comms/install/micro_ros_raspberrypicosdk/include/RadioLib/protocols/RTTY/RTTY.h\n'}
[4.911244] (micro_ros_raspberrypicosdk) StdoutLine: {'line': b'-- Installing: /home/ryanjeronimus/github/pico_comms/install/micro_ros_raspberrypicosdk/include/RadioLib/protocols/AFSK\n'}
[4.911296] (micro_ros_raspberrypicosdk) StdoutLine: {'line': b'-- Installing: /home/ryanjeronimus/github/pico_comms/install/micro_ros_raspberrypicosdk/include/RadioLib/protocols/AFSK/AFSK.h\n'}
[4.911371] (micro_ros_raspberrypicosdk) StdoutLine: {'line': b'-- Installing: /home/ryanjeronimus/github/pico_comms/install/micro_ros_raspberrypicosdk/include/RadioLib/protocols/LoRaWAN\n'}
[4.911417] (micro_ros_raspberrypicosdk) StdoutLine: {'line': b'-- Installing: /home/ryanjeronimus/github/pico_comms/install/micro_ros_raspberrypicosdk/include/RadioLib/protocols/LoRaWAN/LoRaWAN.h\n'}
[4.911481] (micro_ros_raspberrypicosdk) StdoutLine: {'line': b'-- Installing: /home/ryanjeronimus/github/pico_comms/install/micro_ros_raspberrypicosdk/include/RadioLib/protocols/BellModem\n'}
[4.911546] (micro_ros_raspberrypicosdk) StdoutLine: {'line': b'-- Installing: /home/ryanjeronimus/github/pico_comms/install/micro_ros_raspberrypicosdk/include/RadioLib/protocols/BellModem/BellModem.h\n'}
[4.911635] (micro_ros_raspberrypicosdk) StdoutLine: {'line': b'-- Installing: /home/ryanjeronimus/github/pico_comms/install/micro_ros_raspberrypicosdk/include/RadioLib/protocols/PhysicalLayer\n'}
[4.911684] (-) TimerEvent: {}
[4.911758] (micro_ros_raspberrypicosdk) StdoutLine: {'line': b'-- Installing: /home/ryanjeronimus/github/pico_comms/install/micro_ros_raspberrypicosdk/include/RadioLib/protocols/PhysicalLayer/PhysicalLayer.h\n'}
[4.911836] (micro_ros_raspberrypicosdk) StdoutLine: {'line': b'-- Installing: /home/ryanjeronimus/github/pico_comms/install/micro_ros_raspberrypicosdk/include/RadioLib/protocols/Hellschreiber\n'}
[4.911904] (micro_ros_raspberrypicosdk) StdoutLine: {'line': b'-- Installing: /home/ryanjeronimus/github/pico_comms/install/micro_ros_raspberrypicosdk/include/RadioLib/protocols/Hellschreiber/Hellschreiber.h\n'}
[4.912013] (micro_ros_raspberrypicosdk) StdoutLine: {'line': b'-- Installing: /home/ryanjeronimus/github/pico_comms/install/micro_ros_raspberrypicosdk/include/RadioLib/protocols/FSK4\n'}
[4.912097] (micro_ros_raspberrypicosdk) StdoutLine: {'line': b'-- Installing: /home/ryanjeronimus/github/pico_comms/install/micro_ros_raspberrypicosdk/include/RadioLib/protocols/FSK4/FSK4.h\n'}
[4.912197] (micro_ros_raspberrypicosdk) StdoutLine: {'line': b'-- Installing: /home/ryanjeronimus/github/pico_comms/install/micro_ros_raspberrypicosdk/include/RadioLib/protocols/APRS\n'}
[4.912259] (micro_ros_raspberrypicosdk) StdoutLine: {'line': b'-- Installing: /home/ryanjeronimus/github/pico_comms/install/micro_ros_raspberrypicosdk/include/RadioLib/protocols/APRS/APRS.h\n'}
[4.912372] (micro_ros_raspberrypicosdk) StdoutLine: {'line': b'-- Installing: /home/ryanjeronimus/github/pico_comms/install/micro_ros_raspberrypicosdk/include/RadioLib/protocols/Morse\n'}
[4.912432] (micro_ros_raspberrypicosdk) StdoutLine: {'line': b'-- Installing: /home/ryanjeronimus/github/pico_comms/install/micro_ros_raspberrypicosdk/include/RadioLib/protocols/Morse/Morse.h\n'}
[4.912530] (micro_ros_raspberrypicosdk) StdoutLine: {'line': b'-- Installing: /home/ryanjeronimus/github/pico_comms/install/micro_ros_raspberrypicosdk/include/RadioLib/protocols/SSTV\n'}
[4.912599] (micro_ros_raspberrypicosdk) StdoutLine: {'line': b'-- Installing: /home/ryanjeronimus/github/pico_comms/install/micro_ros_raspberrypicosdk/include/RadioLib/protocols/SSTV/SSTV.h\n'}
[4.912696] (micro_ros_raspberrypicosdk) StdoutLine: {'line': b'-- Installing: /home/ryanjeronimus/github/pico_comms/install/micro_ros_raspberrypicosdk/include/RadioLib/modules\n'}
[4.912755] (micro_ros_raspberrypicosdk) StdoutLine: {'line': b'-- Installing: /home/ryanjeronimus/github/pico_comms/install/micro_ros_raspberrypicosdk/include/RadioLib/modules/SX126x\n'}
[4.912821] (micro_ros_raspberrypicosdk) StdoutLine: {'line': b'-- Installing: /home/ryanjeronimus/github/pico_comms/install/micro_ros_raspberrypicosdk/include/RadioLib/modules/SX126x/SX126x.h\n'}
[4.912950] (micro_ros_raspberrypicosdk) StdoutLine: {'line': b'-- Installing: /home/ryanjeronimus/github/pico_comms/install/micro_ros_raspberrypicosdk/include/RadioLib/modules/SX126x/patches\n'}
[4.913022] (micro_ros_raspberrypicosdk) StdoutLine: {'line': b'-- Installing: /home/ryanjeronimus/github/pico_comms/install/micro_ros_raspberrypicosdk/include/RadioLib/modules/SX126x/patches/SX126x_patch_scan.h\n'}
[4.913245] (micro_ros_raspberrypicosdk) StdoutLine: {'line': b'-- Installing: /home/ryanjeronimus/github/pico_comms/install/micro_ros_raspberrypicosdk/include/RadioLib/modules/SX126x/STM32WLx.h\n'}
[4.913362] (micro_ros_raspberrypicosdk) StdoutLine: {'line': b'-- Installing: /home/ryanjeronimus/github/pico_comms/install/micro_ros_raspberrypicosdk/include/RadioLib/modules/SX126x/SX126x_commands.h\n'}
[4.913486] (micro_ros_raspberrypicosdk) StdoutLine: {'line': b'-- Installing: /home/ryanjeronimus/github/pico_comms/install/micro_ros_raspberrypicosdk/include/RadioLib/modules/SX126x/SX1268.h\n'}
[4.913583] (micro_ros_raspberrypicosdk) StdoutLine: {'line': b'-- Installing: /home/ryanjeronimus/github/pico_comms/install/micro_ros_raspberrypicosdk/include/RadioLib/modules/SX126x/STM32WLx_Module.h\n'}
[4.913674] (micro_ros_raspberrypicosdk) StdoutLine: {'line': b'-- Installing: /home/ryanjeronimus/github/pico_comms/install/micro_ros_raspberrypicosdk/include/RadioLib/modules/SX126x/SX1262.h\n'}
[4.913771] (micro_ros_raspberrypicosdk) StdoutLine: {'line': b'-- Installing: /home/ryanjeronimus/github/pico_comms/install/micro_ros_raspberrypicosdk/include/RadioLib/modules/SX126x/SX126x_registers.h\n'}
[4.913871] (micro_ros_raspberrypicosdk) StdoutLine: {'line': b'-- Installing: /home/ryanjeronimus/github/pico_comms/install/micro_ros_raspberrypicosdk/include/RadioLib/modules/SX126x/SX1261.h\n'}
[4.913962] (micro_ros_raspberrypicosdk) StdoutLine: {'line': b'-- Installing: /home/ryanjeronimus/github/pico_comms/install/micro_ros_raspberrypicosdk/include/RadioLib/modules/nRF24\n'}
[4.914027] (micro_ros_raspberrypicosdk) StdoutLine: {'line': b'-- Installing: /home/ryanjeronimus/github/pico_comms/install/micro_ros_raspberrypicosdk/include/RadioLib/modules/nRF24/nRF24.h\n'}
[4.914155] (micro_ros_raspberrypicosdk) StdoutLine: {'line': b'-- Installing: /home/ryanjeronimus/github/pico_comms/install/micro_ros_raspberrypicosdk/include/RadioLib/modules/CC1101\n'}
[4.914230] (micro_ros_raspberrypicosdk) StdoutLine: {'line': b'-- Installing: /home/ryanjeronimus/github/pico_comms/install/micro_ros_raspberrypicosdk/include/RadioLib/modules/CC1101/CC1101.h\n'}
[4.914386] (micro_ros_raspberrypicosdk) StdoutLine: {'line': b'-- Installing: /home/ryanjeronimus/github/pico_comms/install/micro_ros_raspberrypicosdk/include/RadioLib/modules/SX123x\n'}
[4.914458] (micro_ros_raspberrypicosdk) StdoutLine: {'line': b'-- Installing: /home/ryanjeronimus/github/pico_comms/install/micro_ros_raspberrypicosdk/include/RadioLib/modules/SX123x/SX1231.h\n'}
[4.914548] (micro_ros_raspberrypicosdk) StdoutLine: {'line': b'-- Installing: /home/ryanjeronimus/github/pico_comms/install/micro_ros_raspberrypicosdk/include/RadioLib/modules/SX123x/SX1233.h\n'}
[4.914635] (micro_ros_raspberrypicosdk) StdoutLine: {'line': b'-- Installing: /home/ryanjeronimus/github/pico_comms/install/micro_ros_raspberrypicosdk/include/RadioLib/modules/SX127x\n'}
[4.914700] (micro_ros_raspberrypicosdk) StdoutLine: {'line': b'-- Installing: /home/ryanjeronimus/github/pico_comms/install/micro_ros_raspberrypicosdk/include/RadioLib/modules/SX127x/SX1276.h\n'}
[4.914797] (micro_ros_raspberrypicosdk) StdoutLine: {'line': b'-- Installing: /home/ryanjeronimus/github/pico_comms/install/micro_ros_raspberrypicosdk/include/RadioLib/modules/SX127x/SX127x.h\n'}
[4.914952] (micro_ros_raspberrypicosdk) StdoutLine: {'line': b'-- Installing: /home/ryanjeronimus/github/pico_comms/install/micro_ros_raspberrypicosdk/include/RadioLib/modules/SX127x/SX1279.h\n'}
[4.915042] (micro_ros_raspberrypicosdk) StdoutLine: {'line': b'-- Installing: /home/ryanjeronimus/github/pico_comms/install/micro_ros_raspberrypicosdk/include/RadioLib/modules/SX127x/SX1278.h\n'}
[4.915146] (micro_ros_raspberrypicosdk) StdoutLine: {'line': b'-- Installing: /home/ryanjeronimus/github/pico_comms/install/micro_ros_raspberrypicosdk/include/RadioLib/modules/SX127x/SX1273.h\n'}
[4.915243] (micro_ros_raspberrypicosdk) StdoutLine: {'line': b'-- Installing: /home/ryanjeronimus/github/pico_comms/install/micro_ros_raspberrypicosdk/include/RadioLib/modules/SX127x/SX1272.h\n'}
[4.915366] (micro_ros_raspberrypicosdk) StdoutLine: {'line': b'-- Installing: /home/ryanjeronimus/github/pico_comms/install/micro_ros_raspberrypicosdk/include/RadioLib/modules/SX127x/SX1277.h\n'}
[4.915462] (micro_ros_raspberrypicosdk) StdoutLine: {'line': b'-- Installing: /home/ryanjeronimus/github/pico_comms/install/micro_ros_raspberrypicosdk/include/RadioLib/modules/LLCC68\n'}
[4.915533] (micro_ros_raspberrypicosdk) StdoutLine: {'line': b'-- Installing: /home/ryanjeronimus/github/pico_comms/install/micro_ros_raspberrypicosdk/include/RadioLib/modules/LLCC68/LLCC68.h\n'}
[4.915628] (micro_ros_raspberrypicosdk) StdoutLine: {'line': b'-- Installing: /home/ryanjeronimus/github/pico_comms/install/micro_ros_raspberrypicosdk/include/RadioLib/modules/RF69\n'}
[4.915695] (micro_ros_raspberrypicosdk) StdoutLine: {'line': b'-- Installing: /home/ryanjeronimus/github/pico_comms/install/micro_ros_raspberrypicosdk/include/RadioLib/modules/RF69/RF69.h\n'}
[4.915842] (micro_ros_raspberrypicosdk) StdoutLine: {'line': b'-- Installing: /home/ryanjeronimus/github/pico_comms/install/micro_ros_raspberrypicosdk/include/RadioLib/modules/Si443x\n'}
[4.915914] (micro_ros_raspberrypicosdk) StdoutLine: {'line': b'-- Installing: /home/ryanjeronimus/github/pico_comms/install/micro_ros_raspberrypicosdk/include/RadioLib/modules/Si443x/Si4432.h\n'}
[4.916011] (micro_ros_raspberrypicosdk) StdoutLine: {'line': b'-- Installing: /home/ryanjeronimus/github/pico_comms/install/micro_ros_raspberrypicosdk/include/RadioLib/modules/Si443x/Si4431.h\n'}
[4.916100] (micro_ros_raspberrypicosdk) StdoutLine: {'line': b'-- Installing: /home/ryanjeronimus/github/pico_comms/install/micro_ros_raspberrypicosdk/include/RadioLib/modules/Si443x/Si4430.h\n'}
[4.916188] (micro_ros_raspberrypicosdk) StdoutLine: {'line': b'-- Installing: /home/ryanjeronimus/github/pico_comms/install/micro_ros_raspberrypicosdk/include/RadioLib/modules/Si443x/Si443x.h\n'}
[4.916336] (micro_ros_raspberrypicosdk) StdoutLine: {'line': b'-- Installing: /home/ryanjeronimus/github/pico_comms/install/micro_ros_raspberrypicosdk/include/RadioLib/modules/RFM2x\n'}
[4.916407] (micro_ros_raspberrypicosdk) StdoutLine: {'line': b'-- Installing: /home/ryanjeronimus/github/pico_comms/install/micro_ros_raspberrypicosdk/include/RadioLib/modules/RFM2x/RFM23.h\n'}
[4.916498] (micro_ros_raspberrypicosdk) StdoutLine: {'line': b'-- Installing: /home/ryanjeronimus/github/pico_comms/install/micro_ros_raspberrypicosdk/include/RadioLib/modules/RFM2x/RFM22.h\n'}
[4.916584] (micro_ros_raspberrypicosdk) StdoutLine: {'line': b'-- Installing: /home/ryanjeronimus/github/pico_comms/install/micro_ros_raspberrypicosdk/include/RadioLib/modules/SX128x\n'}
[4.916655] (micro_ros_raspberrypicosdk) StdoutLine: {'line': b'-- Installing: /home/ryanjeronimus/github/pico_comms/install/micro_ros_raspberrypicosdk/include/RadioLib/modules/SX128x/SX1282.h\n'}
[4.916748] (micro_ros_raspberrypicosdk) StdoutLine: {'line': b'-- Installing: /home/ryanjeronimus/github/pico_comms/install/micro_ros_raspberrypicosdk/include/RadioLib/modules/SX128x/SX1281.h\n'}
[4.916840] (micro_ros_raspberrypicosdk) StdoutLine: {'line': b'-- Installing: /home/ryanjeronimus/github/pico_comms/install/micro_ros_raspberrypicosdk/include/RadioLib/modules/SX128x/SX1280.h\n'}
[4.916933] (micro_ros_raspberrypicosdk) StdoutLine: {'line': b'-- Installing: /home/ryanjeronimus/github/pico_comms/install/micro_ros_raspberrypicosdk/include/RadioLib/modules/SX128x/SX128x.h\n'}
[4.917067] (micro_ros_raspberrypicosdk) StdoutLine: {'line': b'-- Installing: /home/ryanjeronimus/github/pico_comms/install/micro_ros_raspberrypicosdk/include/RadioLib/modules/LR11x0\n'}
[4.917141] (micro_ros_raspberrypicosdk) StdoutLine: {'line': b'-- Installing: /home/ryanjeronimus/github/pico_comms/install/micro_ros_raspberrypicosdk/include/RadioLib/modules/LR11x0/LR11x0.h\n'}
[4.917307] (micro_ros_raspberrypicosdk) StdoutLine: {'line': b'-- Installing: /home/ryanjeronimus/github/pico_comms/install/micro_ros_raspberrypicosdk/include/RadioLib/modules/LR11x0/LR11x0_registers.h\n'}
[4.917472] (micro_ros_raspberrypicosdk) StdoutLine: {'line': b'-- Installing: /home/ryanjeronimus/github/pico_comms/install/micro_ros_raspberrypicosdk/include/RadioLib/modules/LR11x0/LR11x0_commands.h\n'}
[4.917646] (micro_ros_raspberrypicosdk) StdoutLine: {'line': b'-- Installing: /home/ryanjeronimus/github/pico_comms/install/micro_ros_raspberrypicosdk/include/RadioLib/modules/LR11x0/LR1110.h\n'}
[4.917754] (micro_ros_raspberrypicosdk) StdoutLine: {'line': b'-- Installing: /home/ryanjeronimus/github/pico_comms/install/micro_ros_raspberrypicosdk/include/RadioLib/modules/LR11x0/LR11x0_firmware.h\n'}
[4.917988] (micro_ros_raspberrypicosdk) StdoutLine: {'line': b'-- Installing: /home/ryanjeronimus/github/pico_comms/install/micro_ros_raspberrypicosdk/include/RadioLib/modules/LR11x0/LR1120.h\n'}
[4.918124] (micro_ros_raspberrypicosdk) StdoutLine: {'line': b'-- Installing: /home/ryanjeronimus/github/pico_comms/install/micro_ros_raspberrypicosdk/include/RadioLib/modules/LR11x0/LR11x0_types.h\n'}
[4.918235] (micro_ros_raspberrypicosdk) StdoutLine: {'line': b'-- Installing: /home/ryanjeronimus/github/pico_comms/install/micro_ros_raspberrypicosdk/include/RadioLib/modules/LR11x0/LR1121.h\n'}
[4.918335] (micro_ros_raspberrypicosdk) StdoutLine: {'line': b'-- Installing: /home/ryanjeronimus/github/pico_comms/install/micro_ros_raspberrypicosdk/include/RadioLib/modules/LR11x0/firmware\n'}
[4.918411] (micro_ros_raspberrypicosdk) StdoutLine: {'line': b'-- Installing: /home/ryanjeronimus/github/pico_comms/install/micro_ros_raspberrypicosdk/include/RadioLib/modules/LR11x0/firmware/lr1120_transceiver_0201.h\n'}
[4.919868] (micro_ros_raspberrypicosdk) StdoutLine: {'line': b'-- Installing: /home/ryanjeronimus/github/pico_comms/install/micro_ros_raspberrypicosdk/include/RadioLib/modules/LR11x0/firmware/lr1120_transceiver_0102.h\n'}
[4.921232] (micro_ros_raspberrypicosdk) StdoutLine: {'line': b'-- Installing: /home/ryanjeronimus/github/pico_comms/install/micro_ros_raspberrypicosdk/include/RadioLib/modules/LR11x0/firmware/lr1110_transceiver_0306.h\n'}
[4.922459] (micro_ros_raspberrypicosdk) StdoutLine: {'line': b'-- Installing: /home/ryanjeronimus/github/pico_comms/install/micro_ros_raspberrypicosdk/include/RadioLib/modules/LR11x0/firmware/lr1110_transceiver_0308.h\n'}
[4.923715] (micro_ros_raspberrypicosdk) StdoutLine: {'line': b'-- Installing: /home/ryanjeronimus/github/pico_comms/install/micro_ros_raspberrypicosdk/include/RadioLib/modules/LR11x0/firmware/lr1120_transceiver_0101.h\n'}
[4.924913] (micro_ros_raspberrypicosdk) StdoutLine: {'line': b'-- Installing: /home/ryanjeronimus/github/pico_comms/install/micro_ros_raspberrypicosdk/include/RadioLib/modules/LR11x0/firmware/lr1121_transceiver_0103.h\n'}
[4.925681] (micro_ros_raspberrypicosdk) StdoutLine: {'line': b'-- Installing: /home/ryanjeronimus/github/pico_comms/install/micro_ros_raspberrypicosdk/include/RadioLib/modules/LR11x0/firmware/lr1110_transceiver_0401.h\n'}
[4.927174] (micro_ros_raspberrypicosdk) StdoutLine: {'line': b'-- Installing: /home/ryanjeronimus/github/pico_comms/install/micro_ros_raspberrypicosdk/include/RadioLib/modules/LR11x0/firmware/lr1110_transceiver_0305.h\n'}
[4.928471] (micro_ros_raspberrypicosdk) StdoutLine: {'line': b'-- Installing: /home/ryanjeronimus/github/pico_comms/install/micro_ros_raspberrypicosdk/include/RadioLib/modules/LR11x0/firmware/lr1110_transceiver_0304.h\n'}
[4.929659] (micro_ros_raspberrypicosdk) StdoutLine: {'line': b'-- Installing: /home/ryanjeronimus/github/pico_comms/install/micro_ros_raspberrypicosdk/include/RadioLib/modules/LR11x0/firmware/lr1121_transceiver_0102.h\n'}
[4.930324] (micro_ros_raspberrypicosdk) StdoutLine: {'line': b'-- Installing: /home/ryanjeronimus/github/pico_comms/install/micro_ros_raspberrypicosdk/include/RadioLib/modules/LR11x0/firmware/lr1110_transceiver_0303.h\n'}
[4.931558] (micro_ros_raspberrypicosdk) StdoutLine: {'line': b'-- Installing: /home/ryanjeronimus/github/pico_comms/install/micro_ros_raspberrypicosdk/include/RadioLib/modules/LR11x0/firmware/lr1110_transceiver_0307.h\n'}
[4.932829] (micro_ros_raspberrypicosdk) StdoutLine: {'line': b'-- Installing: /home/ryanjeronimus/github/pico_comms/install/micro_ros_raspberrypicosdk/include/RadioLib/BuildOpt.h\n'}
[4.932958] (micro_ros_raspberrypicosdk) StdoutLine: {'line': b'-- Installing: /home/ryanjeronimus/github/pico_comms/install/micro_ros_raspberrypicosdk/include/RadioLib/TypeDef.h\n'}
[4.933082] (micro_ros_raspberrypicosdk) StdoutLine: {'line': b'-- Installing: /home/ryanjeronimus/github/pico_comms/install/micro_ros_raspberrypicosdk/include/RadioLib/hal\n'}
[4.933217] (micro_ros_raspberrypicosdk) StdoutLine: {'line': b'-- Installing: /home/ryanjeronimus/github/pico_comms/install/micro_ros_raspberrypicosdk/include/RadioLib/hal/RPi\n'}
[4.933329] (micro_ros_raspberrypicosdk) StdoutLine: {'line': b'-- Installing: /home/ryanjeronimus/github/pico_comms/install/micro_ros_raspberrypicosdk/include/RadioLib/hal/RPi/PiHal.h\n'}
[4.933465] (micro_ros_raspberrypicosdk) StdoutLine: {'line': b'-- Installing: /home/ryanjeronimus/github/pico_comms/install/micro_ros_raspberrypicosdk/include/RadioLib/hal/RPiPico\n'}
[4.933574] (micro_ros_raspberrypicosdk) StdoutLine: {'line': b'-- Installing: /home/ryanjeronimus/github/pico_comms/install/micro_ros_raspberrypicosdk/include/RadioLib/hal/RPiPico/PicoHal.h\n'}
[4.933707] (micro_ros_raspberrypicosdk) StdoutLine: {'line': b'-- Installing: /home/ryanjeronimus/github/pico_comms/install/micro_ros_raspberrypicosdk/include/RadioLib/hal/Arduino\n'}
[4.933817] (micro_ros_raspberrypicosdk) StdoutLine: {'line': b'-- Installing: /home/ryanjeronimus/github/pico_comms/install/micro_ros_raspberrypicosdk/include/RadioLib/hal/Arduino/ArduinoHal.h\n'}
[4.933947] (micro_ros_raspberrypicosdk) StdoutLine: {'line': b'-- Installing: /home/ryanjeronimus/github/pico_comms/install/micro_ros_raspberrypicosdk/include/RadioLib/Hal.h\n'}
[4.934085] (micro_ros_raspberrypicosdk) StdoutLine: {'line': b'-- Installing: /home/ryanjeronimus/github/pico_comms/install/micro_ros_raspberrypicosdk/include/RadioLib/RadioLib.h\n'}
[4.934195] (micro_ros_raspberrypicosdk) StdoutLine: {'line': b'-- Installing: /home/ryanjeronimus/github/pico_comms/install/micro_ros_raspberrypicosdk/include/RadioLib/Module.h\n'}
[4.934324] (micro_ros_raspberrypicosdk) StdoutLine: {'line': b'-- Installing: /home/ryanjeronimus/github/pico_comms/install/micro_ros_raspberrypicosdk/include/RadioLib/BuildOptUser.h\n'}
[4.935204] (micro_ros_raspberrypicosdk) CommandEnded: {'returncode': 0}
[4.950904] (micro_ros_raspberrypicosdk) JobEnded: {'identifier': 'micro_ros_raspberrypicosdk', 'rc': 0}
[4.953086] (-) EventReactorShutdown: {}
